room_price,room_commonFee,room_initialFeeText,room_initialOtherFeeText,building_year,room_layoutText,room_facing,room_area,room_detailText,building_structure,room_parking,room_tatalRooms,room_contract,room_period,room_renewalFeeText,room_otherFeeText,room_guarantyText,room_insuranceText,room_manage,room_state,room_move-in,room_lifullID,room_trans,room_begin,room_update,room_url
10.2万円,"3,000円",1ヶ月/1ヶ月,-/-,2016年10月(築8年),"1DK ( ダイニングキッチン 7.3帖
洋室 4.3帖 )",南西,29.15㎡,角部屋、楽器不可、事務所不可、二人入居不可、単身者限定、ルームシェア不可、IHコンロ、コンロ二口、システムキッチン、専用バス、専用トイレ、バス・トイレ別、追焚機能、シャワー、浴室乾燥機、洗面所独立、オートバス、オートロック、TVモニタ付インターホン、エアコン、クローゼット、CS対応、BS対応、インターネット対応、公営水道、都市ガス、下水、フローリング、バルコニー、室内洗濯機置場、宅配ボックス、駐輪場あり、住まい探し特典あり、オンライン内見対応可　オーナー様から、直接、ご依頼を受けた物件です。お電話頂けると、お話が早く進みます。Bフレッツ導入済　バイク・石油系暖房器具不可,鉄骨造,無,-,-,2年間,新賃料の1ヶ月分,-,加入要保証会社：エルズサポート保証会社利用料：　エルズサポート：初回保証委託料として賃料等の50％・更新委託料として10，000円／年,要,-,賃貸中,2024年05月 上旬,0127175-0083968,一般媒介★,2024/03/19,2024/03/21,https://www.homes.co.jp/chintai/room/4aa8506d1b2bd29b37f6bf2191bb240609889f21/
10.15万円,"15,000円",1ヶ月/1ヶ月,-/-,2016年9月(築8年),"1K ( 洋室 6.9帖
キッチン 2帖 )",西,25.11㎡,二人入居可、ペット相談、保証人不要、ガスコンロ設置済、コンロ二口、システムキッチン、給湯、専用バス、専用トイレ、バス・トイレ別、シャワー、温水洗浄便座、浴室乾燥機、洗面所独立、オートロック、TVモニタ付インターホン、エアコン、クローゼット、シューズボックス、CS対応、BS対応、公営水道、プロパンガス、下水、フローリング、室内洗濯機置場、タイル貼り、エレベーター、宅配ボックス、バイク置き場あり、駐輪場あり、初期費用カード決済可、デザイナーズ、住まい探し特典あり、ぜひ一度見ていただきたい、「ハーモニーレジデンス神楽坂」です。歩いて371mの場所に、マルエツ　江戸川橋店があります。浴室乾燥機が付いているので、浴室乾燥機をつけて湿気を除去すればカビの発生を予防できます。文京区エリアと有楽町線江戸川橋付近のお部屋探しなら当社へ。あなたからのお問い合せをスタッフ一同お待ちしております。,RC(鉄筋コンクリート),-,-,-,2年間,新賃料の1.5ヶ月分,-,加入要保証会社利用料：　保証会社必須～50％（最低保証料5万円）,要,-,居住中,相談,0137113-0024973,仲介,2024/03/20,2024/03/20,https://www.homes.co.jp/chintai/room/c8746411c6e98e2b427033b384cb2e1392ab6dd4/
10.15万円,"15,000円",1ヶ月/1ヶ月,-/1ヶ月,2016年9月(築8年),1K,西,25.1㎡,角部屋、二人入居可、ペット相談、ルームシェア可、保証人不要、コンロ二口、システムキッチン、給湯、専用バス、専用トイレ、バス・トイレ別、シャワー、シャワー付洗面化粧台、温水洗浄便座、浴室乾燥機、洗面所独立、セキュリティ会社加入済、オートロック、防犯カメラ、TVモニタ付インターホン、エアコン、クローゼット、シューズボックス、CS対応、BS対応、インターネット対応、プロパンガス、フローリング、バルコニー、室内洗濯機置場、24時間換気システム、タイル貼り、エレベーター、ごみ出し24時間OK、宅配ボックス、駐輪場あり、初期費用カード決済可、分譲賃貸、口座振替手数料/月:660円 ペット飼育時共益費3500円追加※犬・猫いずれか1匹（小型犬50cm以下、10kg以下）短期解約違約金：1年未満の解約時、総賃料の2か月分、1年以上2年未満の時、総賃料の1か月分,RC(鉄筋コンクリート),無,-,-,2年間,新賃料の1.5ヶ月分,"鍵交換費用：22,000円、室内清掃費用：55,000円、入居中サポート：21,450円、室内抗菌処理代：17,600円、事務手数料：11,000円",加入要保証会社：その他保証会社利用料：初回保証料:総賃料の50％ 最低保証料50、000円（緊急連絡先）、総賃料の30％ 30、000円（保証人）、更新料:10、000円/年、シノケン保証,要,管理員：巡回,居住中,2024年05月 中旬,0131488-0088159,仲介,2024/03/14,2024/03/20,https://www.homes.co.jp/chintai/room/db1aca58eafd434598b39836b83f7a80ea81400b/
8.9万円,"3,000円",1ヶ月/1ヶ月,-/-,2018年5月(築6年),"1K ( 洋室 7.3帖(1階)
キッチン 2帖(1階) )",西,21.87㎡,ガスコンロ設置済、システムキッチン、給湯、専用バス、専用トイレ、バス・トイレ別、シャワー、温水洗浄便座、浴室乾燥機、洗面所独立、TVモニタ付インターホン、エアコン、クローゼット、シューズボックス、光ファイバー、インターネット使用料無料、都市ガス、下水、フローリング、室内洗濯機置場、駐輪場あり、初期費用カード決済可、★お部屋探しはCLCコーポレーションにお任せください☆,木造,-,-,-,2年間,-,-,加入要保証会社利用料：初回時、総賃料50％　1万円/年,要,-,居住中,相談,0108926-0107620,一般媒介,2024/03/12,2024/03/20,https://www.homes.co.jp/chintai/room/6b8f1858f5b50389ce53eef0def8c65a54a28a0b/
10万円,"12,000円",1ヶ月/1ヶ月,-/-,2015年12月(築9年),ワンルーム ( 洋室 7.3帖 ),南東,26.6㎡,楽器不可、事務所不可、ペット相談、ガスコンロ設置済、コンロ二口、システムキッチン、給湯、専用バス、専用トイレ、バス・トイレ別、温水洗浄便座、浴室乾燥機、オートロック、エアコン、ウォークインクローゼット、クローゼット、シューズボックス、インターネット対応、インターネット使用料無料、公営水道、都市ガス、下水、フローリング、室内洗濯機置場、宅配ボックス、デザイナーズ、住まい探し特典あり、解約予告2ヶ月前　ペット：小型犬または猫1匹まで　飼育時は敷金プラス1ヶ月,RC(鉄筋コンクリート),空無,-,-,2年間,新賃料の1ヶ月分,"鍵交換費用：38,500円、プレミアデスク：16,500円、害虫バリア：16,500円",加入要保証会社利用料：　？月額総賃料の50％／月次保証料、月額総賃料の1．5％　 ？月額総賃料の50％／年間保証料10，000円／引落手数料550円（税込）,要,-,居住中,2024年04月 下旬,0132062-0271221,仲介,2024/03/09,2024/03/20,https://www.homes.co.jp/chintai/room/57cc8bdff672e4508c92aeabeef256cf5913d457/
13.8万円,"5,000円",1ヶ月/1ヶ月,-/-,2024年2月(新築),1LDK,-,43.47㎡,角部屋、二人入居可、即入居可、ガスコンロ設置済、コンロ二口、システムキッチン、給湯、専用トイレ、バス・トイレ別、追焚機能、シャワー、シャワー付洗面化粧台、温水洗浄便座、浴室乾燥機、洗面所独立、TVモニタ付インターホン、エアコン、床下収納、都市ガス、メゾネット、フローリング、専用庭、洗濯機置場あり、照明器具付き、宅配ボックス、住まい探し特典あり,木造,-,2戸,-,2年間,-,"契約事務手数料：22,000円",加入要保証会社利用料：　保証人あり：総賃料の80％　継続保証料：12，000円／年　保証人なし：総賃料の100％　継続保証料：12，000円／年,要,-,-,即時,3701129-0320897,仲介,2024/02/16,2024/03/20,https://www.homes.co.jp/chintai/room/4d29babef284a820b8f6646e7406bfe83e1b28e2/
12.9万円,"12,000円",1ヶ月/無,-/-,2023年1月(築2年),"1DK ( ダイニングキッチン 6.5帖
洋室 3.2帖 )",南西,25.57㎡,角部屋、ペット相談、保証人不要、ガスコンロ設置済、コンロ二口、システムキッチン、専用バス、専用トイレ、バス・トイレ別、追焚機能、温水洗浄便座、浴室乾燥機、洗面所独立、オートバス、オートロック、防犯カメラ、TVモニタ付インターホン、ディンプルキー、エアコン、クローゼット、シューズボックス、CS対応、BS対応、インターネット使用料無料、公営水道、都市ガス、下水、フローリング、バルコニー、室内洗濯機置場、エレベーター、ごみ出し24時間OK、宅配ボックス、バイク置き場あり、駐輪場あり、初期費用カード決済可、住まい探し特典あり、当物件は■仲介手数料【0円】でご紹介いたします。■「高級賃貸」に精通した専門スタッフがご対応いたします。■現地、又は最寄り駅「お待合わせ」にてご案内いたします。■初期費用（全額、又は一部）の分割払いを、喜んでお受けいたします。（クレジットカード、入居ローン、など）■ペット飼育時、敷金積み増し1ヶ月/ルームクリーニング費用借主負担（退去時）/短期解約時、違約金が発生する場合がございます。,RC(鉄筋コンクリート),空無,129戸,-,2年間,新賃料の1ヶ月分,"鍵交換費用：22,000円",加入要保証会社：貸主指定会社保証会社利用料：月額賃料等の50％（初回保証料）と月額賃料等の1％/月（更新料無）,要,管理員：巡回,空家,2024年04月 中旬,0139205-0049466,仲介,2024/03/15,2024/03/17,https://www.homes.co.jp/chintai/room/cff33376cd4fca5b27650395d199119240b3b205/
11.2万円,"10,000円",無/無,-/-,2021年3月(築4年),1DK,北西,26.75㎡,角部屋、楽器不可、ペット相談、保証人要、IHコンロ、コンロ二口、システムキッチン、給湯、専用バス、専用トイレ、バス・トイレ別、温水洗浄便座、浴室乾燥機、オートロック、防犯カメラ、TVモニタ付インターホン、ディンプルキー、エアコン、シューズボックス、CS対応、BS対応、光ファイバー、インターネット使用料無料、都市ガス、フローリング、室内洗濯機置場、全室フローリング、宅配ボックス、住まい探し特典あり、インターネット無料（ラストワンマイル）スーパー・コンビニ至近。商業施設充実徒歩1分都営バス停有敷金礼金ゼロ（保証会社必須、短期解約違約金あり）,RC(鉄筋コンクリート),無,10戸,-,2年間,新賃料の1ヶ月分,"鍵発行手数料：16,500円",加入要保証会社：レジデンシャルサービス保証会社利用料：【収納代行】初回保証料賃料等総額の50％（連保無）、30％（連保有）、以後以後1年毎25％　月々口座,要,-,空家,2024年04月 上旬,0100459-0156596,仲介,2024/03/14,2024/03/20,https://www.homes.co.jp/chintai/room/a462c6e457c13b544dd4a5517b7bf4a87dbb9b6f/
11.7万円,"15,000円",無/1ヶ月,-/-,2021年1月(築4年),"1K ( キッチン 2.5帖
洋室 7.3帖 )",西,25.04㎡,保証人不要、ガスコンロ設置済、コンロ二口、システムキッチン、給湯、専用バス、専用トイレ、バス・トイレ別、シャワー、温水洗浄便座、浴室乾燥機、洗面所独立、オートロック、防犯カメラ、TVモニタ付インターホン、エアコン、全居室収納、クローゼット、シューズボックス、CS対応、BS対応、光ファイバー、インターネット使用料無料、都市ガス、フローリング、バルコニー、室内洗濯機置場、24時間換気システム、複層ガラス・複層サッシ、タイル貼り、エレベーター、ごみ出し24時間OK、宅配ボックス、駐輪場あり、家賃・初期費用カード決済可、デザイナーズ、住まい探し特典あり、■都心部でのお部屋探しは賃貸専門店の【 御茶ノ水不動産スーペリアホーム 】にお任せ下さい。当社掲未掲載の他社様公開物件も含め、まとめてご案内を承っております。『オンライン内見』『社用車でのご案内』『現地でのお待合わせ』など、お客様のご都合に合わせて臨機応変に対応をさせていただいておりますのでお気軽にお問合せ、ご相談くださいませ。,RC(鉄筋コンクリート),無,-,-,2年間,新賃料の1ヶ月分,-,利用可保証会社：その他保証会社利用料：詳細はお問い合わせください。,要,管理員：巡回,居住中,2024年04月 下旬,0132508-0091936,一般媒介,2024/01/27,2024/03/20,https://www.homes.co.jp/chintai/room/382fe0883ad30f95e4ddc9bc1b9d4c5c281bbfb9/
11.7万円,"15,000円",無/1ヶ月,-/-,2021年3月(築4年),1K ( 洋室 7.3帖 ),西,25.04㎡,角部屋、保証人不要、ガスコンロ設置済、コンロ二口、システムキッチン、給湯、専用バス、専用トイレ、バス・トイレ別、シャワー、温水洗浄便座、浴室乾燥機、洗面所独立、浴室暖房、オートロック、防犯カメラ、TVモニタ付インターホン、ディンプルキー、エアコン、クローゼット、シューズボックス、CS対応、BS対応、光ファイバー、インターネット使用料無料、都市ガス、フローリング、バルコニー、室内洗濯機置場、24時間換気システム、全室フローリング、エレベーター、ごみ出し24時間OK、宅配ボックス、バイク置き場あり、駐輪場あり、住まい探し特典あり,RC(鉄筋コンクリート),"近隣 44,000円(税込) 物件からの距離400m",-,-,2年間,新賃料の1ヶ月分,"鍵交換費用：22,000円、Goodプレミアムα：12,100円、goodプレミアム登録料α：2,200円",加入要保証会社：オリコフォレントインシュア保証会社利用料：初回保証証　総賃料等の40％、月額1％,要,-,居住中,2024年04月 下旬,0147374-0028094,仲介,2024/03/01,2024/03/20,https://www.homes.co.jp/chintai/room/1aa52df2b4d66653583cb8e967578fc4f2b3855f/
9.7万円,"6,000円",1ヶ月/1ヶ月,-/-,2018年3月(築7年),"1K ( キッチン 2.4帖
洋室 8.4帖 )",南東,30.42㎡,角部屋、楽器不可、ペット不可、保証人不要、ガスコンロ設置済、コンロ二口、給湯、専用バス、専用トイレ、バス・トイレ別、シャワー付洗面化粧台、温水洗浄便座、浴室乾燥機、浴室暖房、オートロック、防犯カメラ、TVモニタ付インターホン、エアコン、ウォークインクローゼット、BS対応、インターネット使用料無料、都市ガス、フローリング、バルコニー、室内洗濯機置場、室内洗濯物干し、複層ガラス・複層サッシ、エレベーター、宅配ボックス、駐輪場あり、初期費用カード決済可、施工会社：積水ハウス株式会社シャーメゾンライフＳＵＰＰＯＲＴ24（月額880円税込）へ別途加入要／諸費用及び、契約に要する費用は別途打合せ／※家具や車等は配置のイメージで賃貸物件に付属しておりません（家具家電付等の表示があるものを除く）。,鉄骨造,無,12戸,-,24ヶ月間,新賃料の1ヶ月分,"仲介手数料：106,700円、鍵交換費用：12,100円、室内清掃費用：48,950円、シャーメゾンライフＳＵＰＰＯＲＴ24月額：880円",加入要保証会社：積水ハウス不動産パートナーズ保証会社利用料：【個人契約】初回契約事務手数料：33，000円（税込）、月額保証料：賃料等の2％,要,-,居住中,2024年04月 下旬,3703441-0002508,一般媒介★,2024/03/20,2024/03/20,https://www.homes.co.jp/chintai/room/547f2842326b697ba0d742eda4fffb7a35775b6d/
9.4万円,"8,000円",1ヶ月/1ヶ月,-/-,2018年6月(築6年),1K ( 洋室 7.6帖 ),西,25.31㎡,角部屋、楽器不可、二人入居不可、ペット不可、ルームシェア不可、保証人不要、即入居可、ガスコンロ設置済、コンロ二口、システムキッチン、給湯、専用バス、専用トイレ、バス・トイレ別、温水洗浄便座、浴室乾燥機、洗面所独立、オートロック、防犯カメラ、TVモニタ付インターホン、エアコン、全居室収納、クローゼット、シューズボックス、インターネット対応、公営水道、都市ガス、下水、フローリング、バルコニー、室内洗濯機置場、照明器具付き、タイル貼り、エレベーター、ごみ出し24時間OK、宅配ボックス、耐震構造、駐輪場あり、初期費用カード決済可、分譲賃貸、住まい探し特典あり、お問い合わせは上野駅徒歩1分のアップスタイル上野駅前店まで☆水曜日も元気に営業☆初めての一人暮らしから法人契約まで幅広くご対応致します♪初期費用分割・クレジット決済可能！仲介手数料（賃料の1.1ヶ月分）から50％OFF(CPIDAA),RC(鉄筋コンクリート),-,-,-,-,新賃料の1ヶ月分,"仲介手数料：51,700円、鍵交換費用：26,400円、24時間安心サポート：16,500円",加入要保証会社利用料：　月額総賃料の40％要。,要,管理員：巡回,空家,即時,0111440-0143901,仲介,2024/03/14,2024/03/16,https://www.homes.co.jp/chintai/room/d5b24a81c0f6922653fa23338a1f54b21c790192/
8.3万円,"8,000円",無/無,-/-,2018年5月(築6年),ワンルーム ( 洋室 8.3帖 ),-,20.16㎡,角部屋、IHコンロ、コンロ一口、システムキッチン、給湯、専用バス、専用トイレ、バス・トイレ別、シャワー、シャワー付洗面化粧台、温水洗浄便座、洗面所独立、オートロック、防犯カメラ、TVモニタ付インターホン、エアコン、シューズボックス、インターネット対応、インターネット使用料無料、公営水道、都市ガス、下水、フローリング、室内洗濯機置場、照明器具付き、宅配ボックス、駐輪場あり、収納はシューズボックス・玄関収納など豊富なので、広々と空間を利用することも可能です。独立洗面台なので床が水で濡れたり鏡が曇ったりしにくく、清潔な状態を保ちやすくなっております。留守中に注文した商品が届くので、配送時間を気にせず注文ができる宅配ボックスを共用部に備えております。セキュリティ面は、オートロック・TVインターホンなど充実しているので、防犯対策もばっちりです。駐輪場付きの物件です。,RC(鉄筋コンクリート),-,-,-,2年間,新賃料の1ヶ月分,-,加入要保証会社利用料：詳細はお問い合わせください。,要,-,居住中,2024年03月 下旬,0146306-0002080,仲介,2024/03/01,2024/03/20,https://www.homes.co.jp/chintai/room/7000e3c180c13f22ea2a1e4950b9fdf5ee012176/
8.3万円,"6,000円",無/無,-/-,2018年5月(築6年),ワンルーム ( 洋室 8.3帖 ),西,20.16㎡,ペット不可、保証人不要、即入居可、IHコンロ、給湯、専用バス、バス・トイレ別、シャワー、シャワー付洗面化粧台、洗面所独立、オートロック、防犯カメラ、TVモニタ付インターホン、エアコン、シューズボックス、インターネット対応、インターネット使用料無料、都市ガス、フローリング、バルコニー、24時間換気システム、全室フローリング、タイル貼り、ごみ出し24時間OK、全室2面採光、住まい探し特典あり、オンライン相談可能・契約時もオンライン・郵送での非接触対応可能です。,RC(鉄筋コンクリート),無,-,-,2年間,新賃料の1ヶ月分,"鍵交換費用：26,500円、メンテナンス費用：89,000円",加入要保証会社：その他保証会社利用料：40%／総賃料の40%～,要,管理員：巡回,空家,即時,0105441-0170934,仲介,2024/03/01,2024/03/20,https://www.homes.co.jp/chintai/room/a1ec7d068bee7068db1e66f9b0e88400a1678819/
13.1万円,"15,000円",1ヶ月/無,-/-,2022年3月(築3年),1DK,西,25㎡,二人入居可、ペット可、フリーレント1ヶ月、ガスコンロ設置済、コンロ二口、システムキッチン、給湯、専用バス、専用トイレ、バス・トイレ別、追焚機能、シャワー、温水洗浄便座、浴室乾燥機、洗面所独立、オートバス、オートロック、防犯カメラ、TVモニタ付インターホン、エアコン、床暖房、ウォークインクローゼット、クローゼット、シューズボックス、CATV、CS対応、BS対応、光ファイバー、公営水道、都市ガス、下水、フローリング、バルコニー、室内洗濯機置場、照明器具付き、タイル貼り、エレベーター、ごみ出し24時間OK、宅配ボックス、耐震構造、駐輪場あり、住まい探し特典あり、３０分以内のご返信を心掛けて出来る限りお待たせすることなく、お客様にとってストレスフリーな手続き進行、ご提案を行わせていただきます。手続き開始後のケアもしっかりと行わせていただきます。都弊社はサービス向上の一環として30分以内のご返信を心掛けております。改善点などお気軽にご相談下さい。,RC(鉄筋コンクリート),-,-,-,2年間,-,口座振替事務手数料（毎月：110円,加入要保証会社利用料：詳細はお問合せください,要,管理員：日勤,空家,2024年05月 上旬,0133711-0074162,仲介,2024/03/09,2024/03/18,https://www.homes.co.jp/chintai/room/d056e807e4a3edec273dc51974cbedfaeb46a58c/
13.1万円,"15,000円",1ヶ月/無,-/-,2022年3月(築3年),"1K ( ダイニングキッチン 7.3帖
洋室 2.2帖 )",西,25㎡,ペット相談、ガスコンロ設置済、コンロ二口、システムキッチン、給湯、専用バス、専用トイレ、バス・トイレ別、追焚機能、シャワー、温水洗浄便座、浴室乾燥機、TV付浴室、オートロック、TVモニタ付インターホン、エアコン、床暖房、ウォークインクローゼット、クローゼット、シューズボックス、CATV、CS対応、BS対応、光ファイバー、インターネット使用料無料、公営水道、都市ガス、下水、バルコニー、室内洗濯機置場、エレベーター、宅配ボックス、駐輪場あり、住まい探し特典あり、口座振替事務手数料110円(月額)　セキュリティ面は、TVインターホン・オートロックなど充実しているので、防犯対策もばっちりです。荷物が受け取れないときに一時的に保管できる宅配ボックスは、一人暮らしの方や在宅勤務の方向きの設備です。室内設備は浴室乾燥機・洗面化粧台などが揃っているので、快適に過ごしやすいお部屋になります。収納はウォークインクロゼット・シューズボックスなどが備え付けられているので、衣類や日,RC(鉄筋コンクリート),-,-,-,2年間,-,"鍵交換費用：22,000円、室内清掃費用：41,800円",加入要保証会社利用料：　初回保証委託料（最低15，000円）：月額賃料等の50％、2年目以降：10，000円／年,要,-,居住中,2024年05月 上旬,0121222-0186112,仲介,2024/03/10,2024/03/20,https://www.homes.co.jp/chintai/room/5786392fd8a941ddb235fa55d88cff97f78b8830/
21.3万円,"20,000円",1ヶ月/無,-/-,2022年3月(築3年),"2LDK ( リビングダイニングキッチン 10帖
洋室 4.3帖
洋室 3帖 )",東,40.07㎡,二人入居可、ペット可、家賃保証付き、保証人不要、即入居可、ガスコンロ設置済、コンロ三口、システムキッチン、専用バス、専用トイレ、バス・トイレ別、追焚機能、温水洗浄便座、浴室乾燥機、洗面所独立、オートバス、オートロック、TVモニタ付インターホン、エアコン、床暖房、クローゼット、シューズボックス、CATV、CS対応、BS対応、光ファイバー、インターネット使用料無料、公営水道、都市ガス、下水、フローリング、バルコニー、室内洗濯機置場、エレベーター、ごみ出し24時間OK、宅配ボックス、バイク置き場あり、駐輪場あり、初期費用カード決済可、住まい探し特典あり、アーバネックス小石川春日は東京都文京区春日1丁目に所在し、東京メトロ南北線の後楽園駅が利用できる賃貸物件です。ペット飼育が相談可能！二人入居にもお勧めな2LDKタイプのお部屋です！当店であれば初期費用をクレジットカードで決済可能です。（条件付）遠方の方やご来店が難しい方はリモートにてお部屋のご紹介や内見も可能です。違約金有：1年未満解約時、賃料1ヶ月分,RC(鉄筋コンクリート),空無 空き状況についてはご確認ください。,-,-,2年間,新賃料の1ヶ月分,"鍵交換費用：22,000円、口座振替事務手数料（月額）：110円",加入要保証会社利用料：初回保証料：月額賃料等の50％～2年目以降：10000円/年,要,管理員：日勤,空家,即時,0138199-0019849,仲介,2024/03/14,2024/03/20,https://www.homes.co.jp/chintai/room/39852047593eba81ddb125c827e1a05713b7c090/
13.3万円,"10,000円",1ヶ月/無,-/-,2021年9月(築3年),1DK,南,25.48㎡,家賃保証付き、保証人不要、ガスコンロ設置済、コンロ二口、システムキッチン、専用バス、専用トイレ、バス・トイレ別、追焚機能、温水洗浄便座、浴室乾燥機、洗面所独立、オートバス、オートロック、防犯カメラ、TVモニタ付インターホン、エアコン、ウォークインクローゼット、クローゼット、シューズボックス、光ファイバー、インターネット使用料無料、公営水道、都市ガス、下水、フローリング、バルコニー、室内洗濯機置場、南面バルコニー、エレベーター、ごみ出し24時間OK、宅配ボックス、バイク置き場あり、駐輪場あり、初期費用カード決済可、住まい探し特典あり、デュオフラッツ飯田橋WESTは東京都文京区水道1丁目に所在し、ＪＲ総武線の飯田橋駅が利用できる賃貸物件です。当店であれば初期費用をクレジットカードで決済可能です。（条件付）遠方の方やご来店が難しい方はリモートにてお部屋のご紹介や内見も可能です。退去時クリーニング費用は借主負担となります。違約金有：短期解約違約金有,RC(鉄筋コンクリート),無,-,-,2年間,新賃料の1ヶ月分,"鍵交換費用：11,000円",加入要保証会社利用料：初回：月額総家賃の50％～、以降：1万円／年,要,-,居住中,2024年04月 上旬,0138199-0019785,仲介,2024/03/11,2024/03/20,https://www.homes.co.jp/chintai/room/6f8a2888885df4d2765690c7f96b2d935ee13095/
10.15万円,"15,000円",1ヶ月/1ヶ月,-/1ヶ月（退去時）,2016年9月(築8年),1K,西,25.11㎡,角部屋、二人入居可、ペット可、家賃保証付き、保証人不要、ガスコンロ設置済、コンロ二口、システムキッチン、専用バス、専用トイレ、バス・トイレ別、温水洗浄便座、浴室乾燥機、洗面所独立、オートロック、防犯カメラ、TVモニタ付インターホン、エアコン、クローゼット、シューズボックス、CS対応、BS対応、光ファイバー、公営水道、プロパンガス、下水、フローリング、バルコニー、室内洗濯機置場、エレベーター、ごみ出し24時間OK、宅配ボックス、バイク置き場あり、駐輪場あり、初期費用カード決済可、デザイナーズ、分譲賃貸、住まい探し特典あり、ハーモニーレジデンス神楽坂は東京都文京区水道2丁目に所在し、東京メトロ有楽町線の江戸川橋駅が利用できる賃貸物件です。セキュリティもしっかりしており、安心して過ごせます。当店であれば初期費用をクレジットカードで決済可能です。（条件付）遠方の方やご来店が難しい方はリモートにてお部屋のご紹介や内見も可能です。更新事務費用2.2万円違約金有：1年未満解約時1ヶ月,RC(鉄筋コンクリート),無,-,-,2年間,新賃料の1.5ヶ月分,"鍵交換費用：22,000円、事務手数料（初回のみ）：11,000円",加入要保証会社利用料：ご確認ください,要,管理員：巡回,居住中,2024年05月 中旬,0138199-0019919,仲介,2024/03/18,2024/03/20,https://www.homes.co.jp/chintai/room/983339f0f94382d9daf1927f78bb4a95ead13272/
11.9万円,"9,000円",無/無,-/-,2021年9月(築3年),1K ( 洋室 7.5帖 ),南西,25.95㎡,角部屋、二人入居可、ペット相談、ガスコンロ設置済、コンロ二口、システムキッチン、給湯、専用バス、専用トイレ、バス・トイレ別、追焚機能、シャワー、温水洗浄便座、浴室乾燥機、洗面所独立、オートロック、TVモニタ付インターホン、エアコン、ウォークインクローゼット、クローゼット、シューズボックス、CATV、CS対応、BS対応、インターネット使用料無料、公営水道、都市ガス、下水、フローリング、バルコニー、室内洗濯機置場、タイル貼り、エレベーター、宅配ボックス、バイク置き場あり、デザイナーズ、住まい探し特典あり、お車でご案内いたします。お気軽にお問い合わせください。　1年未満の解約の場合、総賃料1ヶ月分の短期解約違約金あり。,RC(鉄筋コンクリート),-,32戸,-,2年間,新賃料の1ヶ月分,"鍵交換費用：22,000円",加入要保証会社利用料：　初回賃料総額の30％、,要,-,居住中,2024年04月,0118714-0158633,仲介,2024/02/12,2024/03/20,https://www.homes.co.jp/chintai/room/4ce0781eb6f11b2aef9a40e2e75774e9bb89c918/
11.45万円,"9,000円",無/無,-/-,2021年9月(築3年),1K ( 洋室 7.5帖 ),南西,25.95㎡,角部屋、二人入居可、ペット可、フリーレント1ヶ月（賃料のみ）、家賃保証付き、保証人不要、ガスコンロ設置済、コンロ二口、システムキッチン、専用バス、専用トイレ、バス・トイレ別、シャワー付洗面化粧台、温水洗浄便座、浴室乾燥機、洗面所独立、オートロック、TVモニタ付インターホン、エアコン、ウォークインクローゼット、クローゼット、シューズボックス、CATV、CS対応、BS対応、インターネット対応、インターネット使用料無料、公営水道、都市ガス、下水、フローリング、バルコニー、室内洗濯機置場、エレベーター、宅配ボックス、駐車場あり、バイク置き場あり、駐輪場あり、初期費用カード決済可、住まい探し特典あり、文京本駒込レジデンスは東京都文京区本駒込3丁目に所在し、東京メトロ南北線の本駒込駅が利用できる賃貸物件です。モニター付きオートロック完備で一人暮らしでも安心ですね。当店であれば初期費用をクレジットカードで決済可能です。（条件付）遠方の方やご来店が難しい方はリモートにてお部屋のご紹介や内見も可能です。,RC(鉄筋コンクリート),"空有 33,000円(税込) 空き要確認詳細はスタッフまでお問い合わせください。",-,-,2年間,新賃料の1ヶ月分,"鍵交換費用：22,000円",加入要保証会社利用料：セゾン：初回保証委託料：30％GTN：初回保証料100％その他詳細はスタッフまでお問い合わせください。,要,-,居住中,2024年05月 下旬,0140535-0022617,仲介,2024/03/05,2024/03/20,https://www.homes.co.jp/chintai/room/63249c34cb306562be060593af5de19d03e52c0d/
10.2万円,"3,000円",1ヶ月/1ヶ月,-/-,2016年10月(築8年),"1DK ( ダイニングキッチン 7.3帖
洋室 4.3帖 )",南西,29.15㎡,角部屋、楽器不可、事務所不可、二人入居不可、単身者限定、ルームシェア不可、IHコンロ、コンロ二口、システムキッチン、専用バス、専用トイレ、バス・トイレ別、追焚機能、シャワー、浴室乾燥機、洗面所独立、オートバス、オートロック、TVモニタ付インターホン、エアコン、クローゼット、CS対応、BS対応、インターネット対応、公営水道、都市ガス、下水、フローリング、バルコニー、室内洗濯機置場、宅配ボックス、駐輪場あり、住まい探し特典あり、オンライン内見対応可　オーナー様から、直接、ご依頼を受けた物件です。お電話頂けると、お話が早く進みます。Bフレッツ導入済　バイク・石油系暖房器具不可,鉄骨造,無,-,-,2年間,新賃料の1ヶ月分,-,加入要保証会社：エルズサポート保証会社利用料：　エルズサポート：初回保証委託料として賃料等の50％・更新委託料として10，000円／年,要,-,賃貸中,2024年05月 上旬,0100459-0156863,一般媒介★,2024/03/19,2024/03/21,https://www.homes.co.jp/chintai/room/a435f1454a0941f6c8c62a606104712d3f22c939/
8万円,"10,000円",無/無,-/-,2020年2月(築5年),ワンルーム ( 洋室 9.8帖 ),西,20.42㎡,角部屋、ペット相談、保証人不要、IHコンロ、コンロ二口、システムキッチン、給湯、専用バス、専用トイレ、バス・トイレ別、シャワー、シャワー付洗面化粧台、温水洗浄便座、浴室乾燥機、洗面所独立、浴室暖房、オートロック、TVモニタ付インターホン、エアコン、シューズボックス、インターネット使用料無料、オール電化、フローリング、室内洗濯機置場、宅配ボックス、初期費用カード決済可、消火剤:12100円 防災セット:12000円 24時間サポート/月:1320円 1年以内で解約時、賃料1ヶ月分の違約金有。,RC(鉄筋コンクリート),無,-,-,2年間,新賃料の1ヶ月分,"鍵交換費用：26,400円、室内清掃費用：54,000円、アミュレット：21,780円、ムシ駆除サービス：16,500円、抗菌施工：16,500円",加入要保証会社：オリコフォレントインシュア保証会社利用料：0.35ヶ月 初回35％、月額1.8％,要,-,居住中,2024年03月 下旬,0005017-0168336,専属専任媒介,2024/02/28,2024/03/20,https://www.homes.co.jp/chintai/room/a16ba9dbbd62f38e4a49d01617d4d55497f304e4/
6万円,"5,000円",無/無,-/-,2023年5月(築1年),ワンルーム,北東,10.12㎡,家賃保証付き、保証人不要、即入居可、IHコンロ、コンロ一口、バスなし、専用トイレ、オートロック、TVモニタ付インターホン、エアコン、公営水道、下水、フローリング、室内洗濯機置場、宅配ボックス、初期費用カード決済可、住まい探し特典あり、Casa Sincera Mukougaokaは東京都文京区向丘2丁目に所在し、東京メトロ南北線の本駒込駅が利用できる賃貸物件です。コンビニが近く、おしゃれなお部屋になります。当店であれば初期費用をクレジットカードで決済可能です。（条件付）遠方の方やご来店が難しい方はリモートにてお部屋のご紹介や内見も可能です。更新事務費用：0.25ヶ月分違約金有：短気解約時,RC(鉄筋コンクリート),無,-,-,2年間,-,"室内清掃費用：50,500円",加入要保証会社利用料：初回保証料：50％～,要,-,空家,即時,0144552-0010027,仲介,2024/01/11,2024/03/20,https://www.homes.co.jp/chintai/room/de323f96e218901e9f987eead7d2f4ee1a25732f/
11.5万円,"10,000円",1ヶ月/1ヶ月,-/-,2018年1月(築7年),"1K ( キッチン 2.7帖
洋室 7.5帖 )",南,30.36㎡,角部屋、楽器不可、事務所不可、ペット不可、保証人不要、ガスコンロ設置済、コンロ二口、システムキッチン、給湯、専用バス、専用トイレ、バス・トイレ別、追焚機能、シャワー、温水洗浄便座、浴室乾燥機、洗面所独立、オートロック、防犯カメラ、TVモニタ付インターホン、エアコン、クローゼット、シューズボックス、CS対応、BS対応、光ファイバー、公営水道、下水、フローリング、バルコニー、室内洗濯機置場、南面バルコニー、エレベーター、宅配ボックス、駐輪場あり、住まい探し特典あり、駐車場・駐輪場・バイク置き有り(空き状況要確認)/お車でご案内いたします！気を付けてお越しくださいませ。,軽量鉄骨造,-,16戸,-,2年間,新賃料の1ヶ月分,"鍵交換費用：22,000円",加入要保証会社利用料：　初回：総賃料35％、月額：賃料1％／2年毎賃料1％,要,-,空家,2023年09月 下旬,0128814-0201443,仲介,2023/10/24,2024/03/20,https://www.homes.co.jp/chintai/room/190f8dfbc981b7b7ab6a9b076698497a25a3c26c/
9.1万円,"4,000円",0.5ヶ月/1.5ヶ月,-/-,2017年2月(築8年),"1K ( キッチン 4.8帖
洋室 )",南,27.63㎡,保証人不要、即入居可、ガスコンロ設置済、コンロ二口、システムキッチン、給湯、専用バス、専用トイレ、バス・トイレ別、追焚機能、シャワー、シャワー付洗面化粧台、温水洗浄便座、浴室乾燥機、洗面所独立、浴室暖房、オートバス、オートロック、防犯カメラ、TVモニタ付インターホン、エアコン、クローゼット、シューズボックス、CATV、CS対応、BS対応、光ファイバー、公営水道、都市ガス、下水、バルコニー、室内洗濯機置場、照明器具付き、24時間換気システム、室内洗濯物干し、南面バルコニー、複層ガラス・複層サッシ、タイル貼り、ごみ出し24時間OK、駐輪場あり、初期費用カード決済可、デザイナーズ、住まい探し特典あり、この物件は初期費用分割できます。空室確認即時返答します。まずはお電話下さい。メール問い合わせも即時対応致します。清掃費用は借主負担です（＾−＾）,鉄骨造,"近隣 40,000円(税込) 物件からの距離500m",10戸,-,2年間,-,"鍵交換費用：29,700円、保険：800円、口座振替手数料：330円",加入要保証会社：その他保証会社利用料：総賃料の50%・総賃料の3.5%/月・10000円/1年毎,要,管理員：巡回,空家,即時,0118278-0051331,仲介,2024/01/27,2024/03/19,https://www.homes.co.jp/chintai/room/314dca2f67676a1eb0996bb6297745c51a64e64f/
8万円,"10,000円",無/無,-/-,2020年2月(築5年),ワンルーム ( 洋室 9.8帖 ),西,20.42㎡,角部屋、ペット相談、保証人不要、IHコンロ、コンロ二口、システムキッチン、給湯、専用バス、専用トイレ、バス・トイレ別、シャワー、シャワー付洗面化粧台、温水洗浄便座、浴室乾燥機、洗面所独立、浴室暖房、オートロック、TVモニタ付インターホン、エアコン、シューズボックス、インターネット使用料無料、オール電化、フローリング、室内洗濯機置場、宅配ボックス、初期費用カード決済可、消火剤:12100円 防災セット:12000円 24時間サポート/月:1320円 1年以内で解約時、賃料1ヶ月分の違約金有。,RC(鉄筋コンクリート),無,-,-,2年間,新賃料の1ヶ月分,"鍵交換費用：26,400円、室内清掃費用：54,000円、アミュレット：21,780円、ムシ駆除サービス：16,500円、抗菌施工：16,500円",加入要保証会社：オリコフォレントインシュア保証会社利用料：0.35ヶ月 初回35％、月額1.8％,要,-,居住中,2024年03月 下旬,0144703-0046036,専属専任媒介★,2024/02/28,2024/03/20,https://www.homes.co.jp/chintai/room/26f635b82d4b373779c1a0e8232ee7b764c86ce9/
7.8万円,"8,000円",1ヶ月/1ヶ月,-/-,2018年12月(築6年),ワンルーム ( 洋室 7.4帖 ),北,17.52㎡,角部屋、楽器不可、事務所不可、二人入居不可、ペット不可、ルームシェア不可、保証人要、IHコンロ、システムキッチン、給湯、専用バス、専用トイレ、バス・トイレ別、温水洗浄便座、浴室乾燥機、洗面所独立、オートロック、TVモニタ付インターホン、エアコン、クローゼット、シューズボックス、光ファイバー、インターネット使用料無料、公営水道、都市ガス、下水、フローリング、室内洗濯機置場、照明器具付き、宅配ボックス、駐車場あり、駐輪場あり、家賃カード決済可、デザイナーズ、住まい探し特典あり、契約時ルームクリーニング代入居者負担有。駐輪場に限りがあり近隣道路への駐輪はできません。無料インターネットあり。地デジの視聴は申し込みが必要。短期解約ペナルティ有。電気ガスはの取次店を紹介。申込はイタンジの申込予約くんで検索。詳細お問合せはまで。物件確認ダイヤル：でお願いいたします。,RC(鉄筋コンクリート),空有 550円(税込) 物件からの距離0m 平置駐,9戸,-,2年間,新賃料の1ヶ月分,-,加入要保証会社：エポスカード保証会社利用料：契約時、月額賃料の50パーセント、月次保証料500円、次年度以降10、000円。,要,管理員：巡回,空家,相談,0100459-0155272,仲介,2024/02/10,2024/03/20,https://www.homes.co.jp/chintai/room/aa322fcad5c5239082f8444862c4e2211ad92d3e/
19.4万円,"10,000円",1ヶ月/1ヶ月,-/-,2016年3月(築9年),"1LDK ( リビングダイニングキッチン 10帖
洋室 6帖 )",西,40㎡,角部屋、楽器不可、事務所不可、二人入居可、ペット不可、ルームシェア不可、保証人不要、ガスコンロ設置済、コンロ二口、システムキッチン、カウンターキッチン、専用バス、専用トイレ、バス・トイレ別、追焚機能、シャワー、シャワー付洗面化粧台、温水洗浄便座、浴室乾燥機、洗面所独立、オートバス、オートロック、防犯カメラ、TVモニタ付インターホン、エアコン、床暖房、ウォークインクローゼット、クローゼット、シューズボックス、CATV、CS対応、BS対応、光ファイバー、公営水道、都市ガス、下水、フローリング、バルコニー、室内洗濯機置場、照明器具付き、タイル貼り、エレベーター、ごみ出し24時間OK、宅配ボックス、駐輪場あり、住まい探し特典あり、口座振替事務手数料月額110円/短期解約違約金あり/1年未満解約時違約金有り　保証会社:初回総賃料の50％。駐輪場:有-無料。,RC(鉄筋コンクリート),無,-,-,-,新賃料の1ヶ月分,"鍵交換費用：22,000円、室内清掃費用：52,800円",-,要,-,居住中,2024年05月 下旬,0147649-0089900,仲介,2024/03/13,2024/03/20,https://www.homes.co.jp/chintai/room/3c497aca9fec9a763f80b93a7552a40818e612fa/
11.4万円,"10,000円",1ヶ月/1ヶ月,-/-,2016年3月(築9年),"1K ( 洋室 7.9帖
キッチン )",北,25.07㎡,角部屋、楽器不可、事務所不可、二人入居不可、ペット不可、ルームシェア不可、保証人不要、ガスコンロ設置済、コンロ二口、システムキッチン、専用バス、専用トイレ、バス・トイレ別、シャワー、シャワー付洗面化粧台、温水洗浄便座、浴室乾燥機、洗面所独立、オートロック、防犯カメラ、TVモニタ付インターホン、エアコン、クローゼット、シューズボックス、CATV、CS対応、BS対応、光ファイバー、公営水道、都市ガス、下水、フローリング、バルコニー、室内洗濯機置場、照明器具付き、タイル貼り、エレベーター、ごみ出し24時間OK、宅配ボックス、駐輪場あり、住まい探し特典あり、クリーニング代借主負担/火災保険要加入/保証会社2年目以降9600円/1年未満解約時違約金有り/口座振替事務手数料110円/駐輪場要確認　保証会社:初回総賃料の50％。駐輪場:有-無料。,RC(鉄筋コンクリート),無,-,-,-,新賃料の1ヶ月分,"鍵交換費用：22,000円、室内清掃費用：41,800円",-,要,-,居住中,2024年05月 中旬,0147649-0091101,仲介,2024/03/19,2024/03/20,https://www.homes.co.jp/chintai/room/db5d856eaa0a81367c6160b0a178227cc01e3deb/
11.4万円,"10,000円",1ヶ月/1ヶ月,-/-,2016年3月(築9年),1K ( 洋室 8帖 ),西,25.05㎡,楽器不可、事務所不可、二人入居不可、ペット不可、保証人不要、ガスコンロ設置済、コンロ二口、システムキッチン、専用バス、専用トイレ、バス・トイレ別、シャワー、温水洗浄便座、浴室乾燥機、洗面所独立、オートロック、防犯カメラ、TVモニタ付インターホン、エアコン、ウォークインクローゼット、クローゼット、シューズボックス、CS対応、BS対応、光ファイバー、公営水道、都市ガス、下水、フローリング、バルコニー、室内洗濯機置場、タイル貼り、エレベーター、ごみ出し24時間OK、宅配ボックス、駐輪場あり、住まい探し特典あり、保証料:2年目以降9600円/年、口座振替事務手数料110円/月、火災保険費用借主負担、1年未満解約違約金有　保証会社:初回総賃料の50％。駐輪場:有-無料。,RC(鉄筋コンクリート),無,-,-,-,新賃料の1ヶ月分,"鍵交換費用：22,000円、室内清掃費用：41,800円",-,要,-,居住中,2024年04月 中旬,0147649-0088838,仲介,2024/03/09,2024/03/20,https://www.homes.co.jp/chintai/room/2724894e987f037a3c43410c9503ebf397d600e6/
14.9万円,"6,000円",1ヶ月/1ヶ月,-/-,2018年1月(築7年),"1LDK ( リビングダイニングキッチン 10.5帖
洋室 5帖 )",南東,40.15㎡,角部屋、二人入居可、ペット相談、保証人不要、即入居可、コンロ三口、システムキッチン、バス・トイレ別、追焚機能、シャワー、温水洗浄便座、浴室乾燥機、洗面所独立、オートロック、TVモニタ付インターホン、エアコン、シューズボックス、CS対応、BS対応、インターネット対応、インターネット使用料無料、フローリング、バルコニー、室内洗濯機置場、全室フローリング、タイル貼り、エレベーター、駐輪場あり、初期費用カード決済可、防災セット:12000円 町会費/月:150円 ペット(小型犬・猫2匹まで)飼育は敷金2ヶ月。法人契約の場合、礼金2ヶ月。,RC(鉄筋コンクリート),"近隣 33,000円(税込) 物件からの距離300m",18戸,-,2年間,新賃料の1ヶ月分,"仲介手数料：賃料1ヶ月分に対する110％、鍵交換費用：19,800円、ムシ駆除：16,500円、抗菌施工：16,500円、消火剤：12,100円",加入要保証会社：全保連保証会社利用料：0.50ヶ月 初回：賃料総額50％、1年毎1.5万円、引落手数料660円(税込),要,-,空家,即時,0147376-0087252,専属専任媒介,2024/03/10,2024/03/20,https://www.homes.co.jp/chintai/room/51bfd279151cafe5a154f80ac044ab025adf2b7b/
10万円,"6,000円",1ヶ月/無,-/-,2018年1月(築7年),"1K ( キッチン 3帖
洋室 7.6帖 )",南東,28.31㎡,角部屋、ペット相談、保証人不要、コンロ二口、システムキッチン、給湯、専用バス、専用トイレ、バス・トイレ別、追焚機能、シャワー、シャワー付洗面化粧台、温水洗浄便座、浴室乾燥機、洗面所独立、オートロック、TVモニタ付インターホン、エアコン、クローゼット、シューズボックス、CS対応、BS対応、インターネット対応、インターネット使用料無料、都市ガス、フローリング、バルコニー、室内洗濯機置場、全室フローリング、タイル貼り、エレベーター、宅配ボックス、駐輪場あり、ペット(小型犬・猫2匹まで)飼育は敷金2ヶ月、法人契約の場合、礼金1ヶ月増,RC(鉄筋コンクリート),"近隣 33,000円(税込) 物件からの距離300m",18戸,-,2年間,新賃料の1ヶ月分,"仲介手数料：賃料1ヶ月分に対する110％、鍵交換費用：19,800円、町会費/月：150円、ライプサポート24/月：1,320円",加入要保証会社：全保連保証会社利用料：0.50ヶ月 初回：賃料総額50％、1年毎1.5万円、引落手数料660円(税込),要,-,居住中,2024年04月 中旬,0147376-0087256,専属専任媒介,2024/03/10,2024/03/20,https://www.homes.co.jp/chintai/room/9dfb9eb6837ffa1135cea5b7b22af3f649aa8aee/
11.4万円,"11,000円",無/1ヶ月,-/-,2018年1月(築7年),1K ( 洋室 8帖 ),北東,25.85㎡,角部屋、保証人不要、コンロ二口、システムキッチン、給湯、専用バス、専用トイレ、バス・トイレ別、シャワー付洗面化粧台、温水洗浄便座、浴室乾燥機、洗面所独立、オートロック、TVモニタ付インターホン、エアコン、クローゼット、シューズボックス、光ファイバー、インターネット使用料無料、公営水道、都市ガス、下水、フローリング、洗濯機置場あり、家具・家電付き、エレベーター、宅配ボックス、初期費用カード決済可、分譲賃貸、お部屋探しはタウンハウジングへ！短期解約違約金あり。,RC(鉄筋コンクリート),無,-,定期借家,2年間,新賃料の1ヶ月分,"鍵交換費用：33,000円、室内清掃費用：55,000円、事務手数料：22,000円",加入要保証会社：その他保証会社利用料：初回保証料：総賃料の100％　更新時：10，000円／年毎,要,-,居住中,2024年05月 中旬,0140060-0058183,仲介,2024/03/12,2024/03/20,https://www.homes.co.jp/chintai/room/31c029158eb34c7ba7592da0c9a6bbfbe46bfe18/
10.3万円,"5,000円",1ヶ月/1ヶ月,-/-,2017年1月(築8年),"1LDK ( リビングダイニングキッチン 10帖
洋室 5帖 )",南東,35.81㎡,二人入居可、保証人不要、ガスコンロ設置済、コンロ三口、カウンターキッチン、給湯、専用バス、専用トイレ、バス・トイレ別、追焚機能、シャワー、温水洗浄便座、浴室乾燥機、洗面所独立、浴室暖房、オートバス、TVモニタ付インターホン、防犯（雨戸）シャッター、エアコン、シューズボックス、光ファイバー、公営水道、都市ガス、下水、フローリング、バルコニー、室内洗濯機置場、照明器具付き、全室フローリング、駐輪場あり、初期費用カード決済可、住まい探し特典あり、当物件は初期費用分割払い可（クレジットカード決済も可）/お客様のご希望に合わせた方法（店頭、オンライン等）で物件をご提案いたします。初期費用のお見積りや入居希望日のご相談もお気軽にお問い合わせください/安心サポート24 2年毎16500円/室内清掃費用借主負担（退去時）/子供不可,木造,"近隣 33,000円(税込) 物件からの距離409m",-,-,2年間,-,"鍵交換費用：22,000円、契約事務手数料：16,500円",加入要保証会社：アクシスコミュニティ保証会社利用料：月額賃料等の80％（初回保証料）、2年目以降は1万円/年,要,-,空家,2024年03月 下旬,0138546-0049015,仲介,2024/03/19,2024/03/19,https://www.homes.co.jp/chintai/room/079b9e92486c547b7388651589420297b953ac1c/
10.9万円,"8,000円",1ヶ月/1ヶ月,-/-,2017年7月(築7年),"1K ( 洋室 8帖
キッチン 2.4帖 )",東,26.48㎡,角部屋、楽器不可、事務所不可、二人入居不可、ペット不可、ルームシェア不可、保証人不要、ガスコンロ設置済、コンロ二口、システムキッチン、冷蔵庫付き、専用バス、専用トイレ、バス・トイレ別、シャワー、温水洗浄便座、浴室乾燥機、洗面所独立、オートバス、オートロック、防犯カメラ、TVモニタ付インターホン、エアコン、全居室収納、クローゼット、シューズボックス、光ファイバー、都市ガス、汲取、フローリング、バルコニー、室内洗濯機置場、タイル貼り、エレベーター、ごみ出し24時間OK、宅配ボックス、住まい探し特典あり、月額保証料:総賃料の1％　エアコン清掃費:8250円　口座振替手数料110円　保証会社:初回総賃料の50％。,RC(鉄筋コンクリート),無,-,-,-,新賃料の1ヶ月分,"鍵交換費用：33,000円、室内清掃費用：49,500円、火災保険：15,360円",-,要,-,居住中,2024年04月 下旬,0150538-0039544,仲介,2024/03/12,2024/03/20,https://www.homes.co.jp/chintai/room/60ae9f694df61b03f5df9a7abeb77a4575eecfb6/
6万円,"5,000円",無/無,-/-,2023年6月(築1年),ワンルーム ( 洋室 6.5帖 ),-,10.12㎡,即入居可、IHコンロ、バスなし、専用トイレ、TVモニタ付インターホン、エアコン、公営水道、宅配ボックス、住まい探し特典あり、解約予告1ヶ月前　更新事務手数料0.25ヶ月分　短期解約違約金有,RC(鉄筋コンクリート),-,-,-,2年間,新賃料の1ヶ月分,"室内清掃費用：50,500円、くらしーど：16,500円",加入要保証会社利用料：　初回50％～,要,-,空家,即時,0148963-0041237,仲介,2024/01/11,2024/03/20,https://www.homes.co.jp/chintai/room/d5cb7635dbbca527e583eb2bc801440691c64310/
17.7万円,"12,000円",17.7万円/17.7万円,-/-,2019年3月(築6年),"1LDK ( リビングダイニングキッチン 9.3帖(8階)
洋室 4.3帖(8階) )",南,40.07㎡,角部屋、保証人不要、IHコンロ、コンロ三口、システムキッチン、給湯、専用バス、バス・トイレ別、追焚機能、シャワー、シャワー付洗面化粧台、温水洗浄便座、浴室乾燥機、洗面所独立、オートロック、防犯カメラ、TVモニタ付インターホン、エアコン、クローゼット、シューズボックス、CS対応、BS対応、光ファイバー、インターネット使用料無料、都市ガス、フローリング、バルコニー、ロフト付き、洗濯機置場あり、南面バルコニー、エレベーター、ごみ出し24時間OK、宅配ボックス、駐輪場あり、【インターネット】無料導入済みで月々のコストが抑えられます！【防犯面安心】二重オートロック、防犯カメラ、カードキー、いえコム完備！【秘密基地】空間を活かした立体型住宅！個性のある間取りが魅力的♪退去時の室内クリーニング費用負担があります。個人契約：夢なびＶＩＳＡカードによる家賃支払い必須（クレジットカードを新たに作成頂きます）,鉄骨造,無,21戸,-,2年間,"177,000円","仲介手数料：194,700円、鍵交換費用：8,800円",加入要保証会社：その他保証会社利用料：アシストレント【初回】総支払額の50％（最低2万円）【月額】総支払額の1．5％（最低千円）,要,-,賃貸中,2024年04月 下旬,3705186-0022792,専任媒介,2024/03/10,2024/03/20,https://www.homes.co.jp/chintai/room/7dca8e551f1514d80f25b8ffe13fbbe3b7e6fa0d/
11.8万円,"8,000円",11.8万円/11.8万円,-/-,2019年3月(築6年),1K ( 洋室 7.5帖(7階) ),南,24.91㎡,角部屋、保証人不要、IHコンロ、コンロ二口、システムキッチン、給湯、専用バス、バス・トイレ別、シャワー、シャワー付洗面化粧台、温水洗浄便座、浴室乾燥機、洗面所独立、オートロック、防犯カメラ、TVモニタ付インターホン、エアコン、クローゼット、シューズボックス、CS対応、BS対応、光ファイバー、インターネット使用料無料、都市ガス、フローリング、バルコニー、ロフト付き、室内洗濯機置場、南面バルコニー、エレベーター、ごみ出し24時間OK、宅配ボックス、駐輪場あり、ダブルオートロック、防犯カメラ、カードキー、いえこむ導入で防犯面安心！インターネット無料導入済みで月々のコストを抑えられます♪設備も充実しており生活しやすいです！退去時の室内クリーニング費用負担があります。個人契約：夢なびＶＩＳＡカードによる家賃支払い必須（クレジットカードを新たに作成頂きます）,鉄骨造,無,21戸,-,2年間,"118,000円","仲介手数料：129,800円、鍵交換費用：8,800円",加入要保証会社：その他保証会社利用料：アシストレント【初回】総支払額の50％（最低2万円）【月額】総支払額の1．5％（最低千円）,要,管理会社：スターツアメニティー株式会社,賃貸中,2024年04月 下旬,3705186-0022793,専任媒介,2024/03/10,2024/03/20,https://www.homes.co.jp/chintai/room/dd35ef456b8fb3e6a003eb7a697750d1e805b87c/
16.5万円,"12,000円",16.5万円/16.5万円,-/-,2019年3月(築6年),"1LDK ( リビングダイニングキッチン 9.7帖(4階)
洋室 4.3帖(4階) )",南,40.07㎡,角部屋、保証人不要、IHコンロ、コンロ三口、システムキッチン、給湯、専用バス、バス・トイレ別、追焚機能、シャワー、シャワー付洗面化粧台、温水洗浄便座、浴室乾燥機、洗面所独立、オートロック、防犯カメラ、TVモニタ付インターホン、エアコン、クローゼット、シューズボックス、CS対応、BS対応、光ファイバー、インターネット使用料無料、都市ガス、フローリング、バルコニー、洗濯機置場あり、南面バルコニー、エレベーター、ごみ出し24時間OK、宅配ボックス、駐輪場あり、家賃カード決済可、インターネット使用料無料で月々のコスト削減可能♪（Wi-Fi対応）隣のお部屋と直接接しておらず生活音が気になりにくい◎マルチファンクションライト、ブラインド付き物件です！退去時の室内クリーニング費用負担があります。個人契約：夢なびＶＩＳＡカードによる家賃支払い必須（クレジットカードを新たに作成頂きます）,鉄骨造,無,21戸,-,2年間,"165,000円","仲介手数料：181,500円、鍵交換費用：8,800円",加入要保証会社：その他保証会社利用料：アシストレント【初回】総支払額の50％（最低2万円）【月額】総支払額の1．5％（最低千円）,要,管理会社：スターツアメニティー株式会社,賃貸中,2024年04月 下旬,3705186-0022794,専任媒介,2024/03/10,2024/03/20,https://www.homes.co.jp/chintai/room/7bf9368c895dc766d2f2786ff44ff28f99f9ed50/
8.3万円,"4,000円",無/8.3万円,-/-,2018年3月(築7年),1K ( 洋室 6.1帖(1階) ),東,21.53㎡,フリーレント1ヶ月（短期解約違約金有）、ガスコンロ設置済、コンロ二口、システムキッチン、給湯、専用バス、専用トイレ、バス・トイレ別、シャワー、シャワー付洗面化粧台、温水洗浄便座、浴室乾燥機、洗面所独立、TVモニタ付インターホン、エアコン、ウォークインクローゼット、全居室収納、シューズボックス、光ファイバー、インターネット使用料無料、都市ガス、フローリング、室内洗濯機置場、全室フローリング、宅配ボックス、駐輪場あり、駅から徒歩5分、2路線利用可能の好立地物件！コンビニ徒歩4分　スーパー「まいばすけっと」徒歩8分◎インターネット使用料無料◎ウォークインクローゼット◎宅配ボックス◎駐輪場1台無料※保険金額はプランによって異なります※短期解約違約金あり（1年未満の解約：賃料の1ヵ月）※解約予告2ヵ月前（法人の場合1ヵ月）,軽量鉄骨造,無,-,-,2年間,"83,000円","仲介手数料：91,300円",加入要保証会社：その他保証会社利用料：日本セーフティー【初回】賃料総額50％【更新】10、000円／年,要,-,賃貸中,2024年05月 中旬,3705272-0003514,専任媒介★,2024/03/10,2024/03/20,https://www.homes.co.jp/chintai/room/6ac92fd209e88785df727e7be0f0cb54561f046f/
15.2万円,"8,000円",無/無,-/-,2016年6月(築8年),"1DK ( ダイニングキッチン 8.6帖
洋室 4.8帖 )",北,34㎡,角部屋、二人入居可、ペット可、家賃保証付き、保証人不要、ガスコンロ設置済、コンロ三口、システムキッチン、専用バス、専用トイレ、バス・トイレ別、追焚機能、シャワー付洗面化粧台、温水洗浄便座、浴室乾燥機、洗面所独立、オートバス、オートロック、防犯カメラ、TVモニタ付インターホン、エアコン、全居室収納、クローゼット、シューズボックス、CATV、CS対応、BS対応、光ファイバー、公営水道、都市ガス、下水、フローリング、バルコニー、室内洗濯機置場、エレベーター、ごみ出し24時間OK、宅配ボックス、駐輪場あり、初期費用カード決済可、分譲賃貸、住まい探し特典あり、LUMEED飯田橋は東京都文京区水道1丁目に所在し、東京メトロ有楽町線の江戸川橋駅が利用できる賃貸物件です。ダブルロックドア、モニター付きインターホン、防犯カメラなどセキュリティ面に配慮されています。当店であれば初期費用をクレジットカードで決済可能です。（条件付）遠方の方やご来店が難しい方はリモートにてお部屋のご紹介や内見も可能です。,RC(鉄筋コンクリート),無,-,-,2年間,新賃料の1.5ヶ月分,"鍵交換費用：22,000円、事務管理手数料（初回のみ）：11,000円",加入要保証会社利用料：初回：月額総家賃の50％～,要,-,居住中,2024年04月 下旬,0138199-0019459,仲介,2024/02/16,2024/03/20,https://www.homes.co.jp/chintai/room/42c47f0f81f51e35728c6ea75ff9be9abe32a8f9/
10.85万円,"8,000円",無/無,-/-,2016年6月(築8年),"1K ( 洋室 8.8帖
キッチン 2帖 )",北,25.39㎡,ペット可、ルームシェア可、家賃保証付き、保証人不要、ガスコンロ設置済、コンロ三口、システムキッチン、専用バス、専用トイレ、バス・トイレ別、シャワー付洗面化粧台、温水洗浄便座、浴室乾燥機、洗面所独立、オートロック、防犯カメラ、TVモニタ付インターホン、エアコン、クローゼット、シューズボックス、CATV、CS対応、BS対応、光ファイバー、公営水道、都市ガス、下水、フローリング、バルコニー、室内洗濯機置場、エレベーター、ごみ出し24時間OK、宅配ボックス、駐輪場あり、初期費用カード決済可、分譲賃貸、住まい探し特典あり、LUMEED飯田橋は東京都文京区水道1丁目に所在し、東京メトロ有楽町線の江戸川橋駅が利用できる賃貸物件です。室内設備充実、大好きなペットと一緒に暮らせるお部屋です！当店であれば初期費用をクレジットカードで決済可能です。（条件付）遠方の方やご来店が難しい方はリモートにてお部屋のご紹介や内見も可能です。ペット相談：小型犬猫可,RC(鉄筋コンクリート),無,-,-,2年間,新賃料の1.5ヶ月分,"鍵交換費用：22,000円、事務手数料（初回のみ）：11,000円",加入要保証会社利用料：初回：月額総家賃の50％～,要,-,居住中,2024年04月 中旬,0138199-0019458,仲介,2024/02/16,2024/03/20,https://www.homes.co.jp/chintai/room/ccec275f337dd5f698632f3744ecaaeb330ffc7f/
17.6万円,"15,000円",1ヶ月/1ヶ月,-/-,2019年3月(築6年),"1LDK ( リビングダイニングキッチン 12.9帖
洋室 4.5帖 )",南東,40.52㎡,ペット相談、保証人不要、即入居可、ガスコンロ設置済、コンロ二口、システムキッチン、給湯、専用バス、専用トイレ、バス・トイレ別、温水洗浄便座、浴室乾燥機、洗面所独立、オートバス、オートロック、防犯カメラ、TVモニタ付インターホン、エアコン、クローゼット、シューズボックス、光ファイバー、インターネット使用料無料、公営水道、都市ガス、下水、フローリング、バルコニー、室内洗濯機置場、タイル貼り、エレベーター、ごみ出し24時間OK、宅配ボックス、バイク置き場あり、駐輪場あり、初期費用カード決済可、住まい探し特典あり、当物件は■仲介手数料【0円】でご紹介いたします。■「高級賃貸」に精通した専門スタッフがご対応いたします。■現地、又は最寄り駅「お待合わせ」にてご案内いたします。■初期費用（全額、又は一部）の分割払いを、喜んでお受けいたします。（クレジットカード、入居ローン、など）■ペット飼育時、敷金積み増し1ヶ月/ルームクリーニング費用借主負担（退去時）/短期解約時、違約金が発生する場合がございます。,RC(鉄筋コンクリート),無,43戸,定期借家,2年間,-,"鍵交換費用：27,500円",加入要保証会社：貸主指定会社保証会社利用料：月額賃料等の50％（初回保証料）と月額賃料等の1％/月,要,管理員：巡回,空家,即時,0139205-0049120,仲介,2024/03/09,2024/03/20,https://www.homes.co.jp/chintai/room/fae9476e59e51d97f33be6e83f24c6fbea2573f4/
12.9万円,"10,000円",1ヶ月/無,-/-,2019年3月(築6年),ワンルーム ( 洋室 8.7帖 ),西,30.74㎡,角部屋、楽器不可、事務所不可、二人入居可、ペット可、ルームシェア不可、保証人不要、即入居可、ガスコンロ設置済、コンロ二口、システムキッチン、専用バス、専用トイレ、バス・トイレ別、追焚機能、シャワー、浴室乾燥機、洗面所独立、オートバス、オートロック、防犯カメラ、TVモニタ付インターホン、エアコン、ウォークインクローゼット、クローゼット、シューズボックス、光ファイバー、インターネット使用料無料、公営水道、都市ガス、下水、フローリング、バルコニー、室内洗濯機置場、照明器具付き、タイル貼り、エレベーター、ごみ出し24時間OK、宅配ボックス、住まい探し特典あり、保証会社月額支払手数料:賃料等の1％、ペット相談可（小型犬・猫合計1匹まで、敷金1ヶ月追加）、1年未満の解約違約金有り　保証会社:初回総賃料の50％。,RC(鉄筋コンクリート),無,-,-,-,-,"鍵交換費用：27,500円",-,要,-,空家,即時,0120696-0420089,仲介,2024/03/09,2024/03/20,https://www.homes.co.jp/chintai/room/9b8afc020fc73aff3eefbf0c57c24afbd2a28536/
11.6万円,"8,000円",11.6万円/11.6万円,-/-,2018年11月(築6年),ワンルーム ( 洋室 11.4帖(1階) ),南西,30㎡,角部屋、ガスコンロ設置済、コンロ二口、システムキッチン、給湯、専用バス、専用トイレ、バス・トイレ別、シャワー、温水洗浄便座、浴室乾燥機、洗面所独立、オートロック、防犯カメラ、TVモニタ付インターホン、エアコン、全居室収納、クローゼット、インターネット使用料無料、公営水道、都市ガス、フローリング、室内洗濯機置場、宅配ボックス、耐震構造、駐輪場あり、デザイナーズ、宅配BOX　洋室はキッチン含め11帖超室内物干し・浴室乾燥機・独立洗面台　オートロック　駐輪場（1台）無料4路線利用可能な好立地　「ファミリーマート」徒歩1分　スーパー徒歩5分※家財保険はプランによって金額が異なります。※家賃支払い方法：夢なびVISAカードによるクレジットカード決済※退去時の室内クリーニング費用負担があります。,RC(鉄筋コンクリート),無,-,-,2年間,"116,000円","仲介手数料：127,600円",加入要保証会社：その他保証会社利用料：アシストレント【初回】総支払額の50％（最低2万円）【月額】総支払額の1．5％（最低千円）,要,-,賃貸中,2024年04月 中旬,3705272-0003505,専任媒介,2024/02/27,2024/03/20,https://www.homes.co.jp/chintai/room/ec50c08d131ac145853030387f2bb0dd0ec5fa89/
9万円,"12,000円",無/1ヶ月,-/-,2013年4月(築11年),"1K ( キッチン
洋室 )",-,25.55㎡,ペット相談、保証人不要、ガスコンロ設置済、コンロ二口、システムキッチン、給湯、専用バス、専用トイレ、バス・トイレ別、シャワー、温水洗浄便座、浴室乾燥機、洗面所独立、浴室暖房、オートロック、防犯カメラ、TVモニタ付インターホン、エアコン、ウォークインクローゼット、全居室収納、シューズボックス、CATV、CS対応、BS対応、光ファイバー、公営水道、都市ガス、下水、フローリング、バルコニー、室内洗濯機置場、照明器具付き、24時間換気システム、全室フローリング、タイル貼り、エレベーター、ごみ出し24時間OK、宅配ボックス、耐震構造、駐輪場あり、初期費用カード決済可、デザイナーズ、分譲賃貸、住まい探し特典あり、最寄り駅徒歩5分。ペット相談(敷金追加1ヶ月)・オートロック・宅配ボックス・駐輪場。当物件はクレジット決済可能です。退去時クリーニング費用あり。シエル池袋店(池袋駅北口1分),RC(鉄筋コンクリート),"近隣 30,000円(税込) 物件からの距離500m",-,-,2年間,-,"鍵交換費用：22,000円",加入要保証会社：詳細はお問い合わせください。保証会社利用料：初回保証料　賃料+管理費（共益費）等50％　　/　1年毎に継続保証料10、000円,要,管理員：巡回,居住中,2024年04月 上旬,0108440-0074890,仲介,2024/03/19,2024/03/19,https://www.homes.co.jp/chintai/room/10f7d544f614970bf8ee3946a34b89e37c7717d2/
8.7万円,"15,000円",無/1ヶ月,-/-,2013年5月(築11年),"1K ( キッチン 2帖
洋室 8.5帖 )",北東,25.55㎡,ペット可、保証人不要、ガスコンロ設置済、コンロ二口、システムキッチン、給湯、専用バス、専用トイレ、バス・トイレ別、シャワー、シャワー付洗面化粧台、温水洗浄便座、浴室乾燥機、洗面所独立、オートロック、TVモニタ付インターホン、エアコン、ウォークインクローゼット、全居室収納、クローゼット、シューズボックス、CS対応、BS対応、光ファイバー、都市ガス、フローリング、バルコニー、室内洗濯機置場、照明器具付き、24時間換気システム、全室フローリング、タイル貼り、エレベーター、宅配ボックス、バイク置き場あり、駐輪場あり、初期費用カード決済可、分譲賃貸、住まい探し特典あり、オンライン相談可能・契約時もオンライン・郵送での非接触対応可能です。,RC(鉄筋コンクリート),無,34戸,-,2年間,新賃料の1.5ヶ月分,"鍵交換費用：33,000円、消臭除菌料：13,000円、ベルプラス/月：2,200円",加入要保証会社：その他保証会社利用料：初回保証料：総賃料50％月次保証料：総賃料1％,要,管理員：巡回,居住中,相談,0105441-0171557,仲介,2024/03/17,2024/03/20,https://www.homes.co.jp/chintai/room/78a2471435f29101931bcadc376cf99004726d12/
9万円,"12,000円",無/1ヶ月,-/-,2013年5月(築11年),1K,北東,25.55㎡,保証人不要、ガスコンロ設置済、コンロ二口、システムキッチン、給湯、専用バス、専用トイレ、バス・トイレ別、シャワー、シャワー付洗面化粧台、温水洗浄便座、浴室乾燥機、洗面所独立、オートロック、防犯カメラ、TVモニタ付インターホン、エアコン、全居室収納、クローゼット、シューズボックス、CATV、CS対応、BS対応、インターネット対応、公営水道、都市ガス、下水、フローリング、バルコニー、室内洗濯機置場、照明器具付き、24時間換気システム、全室フローリング、タイル貼り、エレベーター、ごみ出し24時間OK、宅配ボックス、耐震構造、駐輪場あり、初期費用カード決済可、デザイナーズ、分譲賃貸、住まい探し特典あり、☆契約金クレジット決済可能☆エージェンシー新宿東口店では感染症予防の為、ご来店無しでお部屋のご紹介も可能です☆素敵なお住まいをご提案致します☆お気軽にお問い合わせ下さい☆,RC(鉄筋コンクリート),無,-,-,2年間,新賃料の1ヶ月分,"鍵交換費用：22,000円、口座引落手数料/月：660円",加入要保証会社：その他保証会社利用料：ルームバンク　初回保証料:総賃料の50％　年間保証料:10、000円,要,管理員：巡回,居住中,相談,0149984-0019177,仲介,2024/03/19,2024/03/20,https://www.homes.co.jp/chintai/room/b9391da30cb18144e92330a9716ee2078c1123ca/
12.2万円,"10,000円",1ヶ月/1ヶ月,-/-,2019年3月(築6年),"ワンルーム ( 洋室 7.8帖
キッチン 1.5帖 )",-,25.87㎡,角部屋、保証人不要、ガスコンロ設置済、コンロ二口、システムキッチン、給湯、専用バス、専用トイレ、バス・トイレ別、シャワー、温水洗浄便座、浴室乾燥機、洗面所独立、オートロック、TVモニタ付インターホン、エアコン、クローゼット、シューズボックス、インターネット対応、インターネット使用料無料、公営水道、都市ガス、下水、フローリング、バルコニー、室内洗濯機置場、エレベーター、ごみ出し24時間OK、宅配ボックス、駐輪場あり、住まい探し特典あり、1年未満解約時、賃料1ヶ月分の違約金あり。,RC(鉄筋コンクリート),-,-,-,2年間,新賃料の1ヶ月分,"鍵交換費用：38,500円、室内清掃費用：57,200円",加入要保証会社：オリコフォレントインシュア保証会社利用料：　初回保証料：総賃料の50％、引落手数料330円／月、更新時1万円／年,要,-,空家,2024年03月 中旬,0132062-0270839,仲介,2024/03/09,2024/03/20,https://www.homes.co.jp/chintai/room/7e176a61c4c565f49845a599198380f921306ba2/
11.9万円,"10,000円",1ヶ月/1ヶ月,-/-,2019年3月(築6年),ワンルーム ( 洋室 11.2帖 ),北,25.73㎡,角部屋、保証人不要、ガスコンロ設置済、コンロ二口、システムキッチン、給湯、専用バス、専用トイレ、バス・トイレ別、シャワー、温水洗浄便座、浴室乾燥機、洗面所独立、オートロック、エアコン、クローゼット、シューズボックス、光ファイバー、インターネット使用料無料、公営水道、下水、フローリング、バルコニー、室内洗濯機置場、室内洗濯物干し、エレベーター、宅配ボックス、バイク置き場あり、駐輪場あり、初期費用カード決済可、住まい探し特典あり、当物件は初期費用分割払い可（クレジットカード決済も可）/お客様のご希望に合わせた方法（店頭、オンライン等）で物件をご提案いたします。初期費用のお見積りや入居希望日のご相談もお気軽にお問い合わせください/駐輪場 月額770円（使用時）/バイク置場 月額3300円（使用時）,RC(鉄筋コンクリート),"近隣 27,500円(税込) 物件からの距離191m",-,-,2年間,-,"鍵交換費用：38,500円、室内清掃費用：48,400円、エアコン清掃費用：13,200円",加入要保証会社：オリコフォレントインシュア保証会社利用料：月額賃料等の50％（初回保証料）、330円/月（手数料）、2年目以降は1万円/年,要,-,空家,2024年05月 中旬,0138546-0048931,仲介,2024/03/17,2024/03/19,https://www.homes.co.jp/chintai/room/c36cf5c389bdfeb9f4a9453f16790bba7fb5322a/
7.4万円,-,1ヶ月/1ヶ月,-/-,2020年11月(築4年),ワンルーム ( 洋室 5.6帖 ),南西,18.42㎡,角部屋、家賃保証付き、保証人不要、即入居可、IHコンロ、コンロ二口、システムキッチン、専用バス、専用トイレ、バス・トイレ別、温水洗浄便座、浴室乾燥機、TVモニタ付インターホン、エアコン、クローゼット、インターネット対応、公営水道、下水、メゾネット、フローリング、バルコニー、室内洗濯機置場、駐輪場あり、初期費用カード決済可、住まい探し特典あり、ブラボーシマは東京都文京区大塚6丁目に所在し、東京メトロ丸ノ内線の新大塚駅が利用できる賃貸物件です。南西向きのお部屋になっており、日当たりがよく気持ちがいいですよ。当店であれば初期費用をクレジットカードで決済可能です。（条件付）遠方の方やご来店が難しい方はリモートにてお部屋のご紹介や内見も可能です。,木造,無,-,-,2年間,新賃料の1ヶ月分,"鍵交換費用：33,000円",加入要保証会社：全保連保証会社利用料：初回保証料：賃料総額の50％～100％,要,-,空家,即時,0146104-0010582,仲介,2023/09/29,2024/03/20,https://www.homes.co.jp/chintai/room/b1a9910a54de89c35089a06ed35b4f8e586bc777/
8.7万円,"15,000円",無/1ヶ月,-/-,2013年5月(築11年),ワンルーム ( 洋室 8.5帖 ),北東,25.55㎡,コンロ三口、給湯、専用バス、専用トイレ、バス・トイレ別、温水洗浄便座、浴室乾燥機、洗面所独立、オートロック、防犯カメラ、エアコン、ウォークインクローゼット、クローゼット、シューズボックス、CATV、CS対応、BS対応、インターネット対応、公営水道、都市ガス、下水、フローリング、バルコニー、室内洗濯機置場、照明器具付き、エレベーター、ごみ出し24時間OK、宅配ボックス、バイク置き場あり、駐輪場あり、初期費用カード決済可、分譲賃貸、住まい探し特典あり、ベルプラス2200円(月額)　こだわりポイント満載のセジョリ駒込。共用部にはエレベータ・敷地内ごみ置き場・バイク置場などが揃っております。室内設備はBS・CATV・照明付きなど充実した設備を備え付けています。電車での移動がより便利になる、2駅利用可能なマンションです。住まいに関する情報を数多く提供しております。より自分に適した住まい選びをしていきましょう。私たちもサポート致します。,RC(鉄筋コンクリート),空無,33戸,-,2年間,新賃料の1.5ヶ月分,"鍵交換費用：33,000円、室内抗菌代：13,000円",加入要保証会社利用料：　総賃料の50％,要,-,居住中,2024年06月 上旬,0137113-0024946,仲介,2024/03/18,2024/03/20,https://www.homes.co.jp/chintai/room/f8fa318e1d08b2d54c2637e4291925790f8caf89/
8.7万円,"15,000円",無/1ヶ月,-/-,2013年4月(築11年),1K ( 洋室 8.5帖 ),北東,25.55㎡,角部屋、ペット相談、ガスコンロ設置済、コンロ二口、システムキッチン、給湯、専用バス、専用トイレ、バス・トイレ別、シャワー、温水洗浄便座、浴室乾燥機、洗面所独立、オートロック、防犯カメラ、TVモニタ付インターホン、エアコン、ウォークインクローゼット、クローゼット、シューズボックス、CATV、インターネット対応、公営水道、都市ガス、下水、フローリング、バルコニー、室内洗濯機置場、エレベーター、宅配ボックス、バイク置き場あり、駐輪場あり、分譲賃貸、住まい探し特典あり、ベルプラス2200円(月額)　お車でご案内いたします。お気軽にお問い合わせください。　ペット飼育時：敷金1か月分加算（償却）　1年未満の解約の場合、総賃料2ヶ月分の短期解約違約金あり。　1年以上1.5年未満の解約の場合、総賃料1.5ヶ月分の短期解約違約金あり。,RC(鉄筋コンクリート),無,34戸,-,2年間,新賃料の1.5ヶ月分,"鍵交換費用：33,000円、室内抗菌代：13,000円",加入要保証会社利用料：　初回保証料：月額総賃料の50％　月額保証料：1000円若しくは月額総賃料1．3％、,不要,-,居住中,2024年06月 上旬,0132062-0272105,仲介,2024/03/17,2024/03/20,https://www.homes.co.jp/chintai/room/07bdc751005490e71887cb4d35839710dc5e02f0/
11.5万円,"5,000円",1ヶ月/無,-/-,2015年3月(築10年),ワンルーム ( 洋室 11帖 ),西,30.95㎡,角部屋、ガスコンロ設置済、コンロ二口、システムキッチン、専用バス、専用トイレ、バス・トイレ別、シャワー、シャワー付洗面化粧台、温水洗浄便座、浴室乾燥機、洗面所独立、オートロック、TVモニタ付インターホン、エアコン、クローゼット、シューズボックス、光ファイバー、公営水道、都市ガス、下水、フローリング、バルコニー、室内洗濯機置場、タイル貼り、宅配ボックス、バイク置き場あり、駐輪場あり、初期費用カード決済可、住まい探し特典あり、町内会費4800円(月額)　フェリーチェ東大前の詳しい情報。室内設備はエアコン・システムキッチンなど豊富に揃っており、過ごしやすいお部屋になっております。フローリングの床で、木目調の温かな雰囲気が居心地を良くしてくれます。駐輪場付きの物件です。文京区や南北線東大前付近での楽しい暮らしがあなたを待っています。素敵なお部屋を私達と一緒に見つけるために、まずはお問い合わせください。,鉄骨造,無,13戸,-,2年間,新賃料の1ヶ月分,"24Ｈサポート／2年：16,500円、町内会費／2年：4,800円",加入要保証会社利用料：　クレデンス初回保証料　月額賃料と管理費合計の50％。　　翌年以降年毎に10000円,要,-,空家,2024年03月 下旬,0137113-0024725,仲介,2024/03/05,2024/03/20,https://www.homes.co.jp/chintai/room/6c6a21ad53bd7901e9c21128ebd22151b50d3fd6/
9.4万円,"4,000円",0.5ヶ月/1.5ヶ月,-/-,2018年9月(築6年),ワンルーム ( 洋室 8.9帖 ),北東,25.05㎡,保証人不要、即入居可、コンロ二口、システムキッチン、給湯、専用バス、専用トイレ、バス・トイレ別、シャワー、温水洗浄便座、浴室乾燥機、洗面所独立、オートロック、防犯カメラ、TVモニタ付インターホン、エアコン、CATV、光ファイバー、都市ガス、フローリング、室内洗濯機置場、宅配ボックス、駐輪場あり、初期費用カード決済可、保険料：800円/月　鍵交換代：29700円。,木造,-,21戸,-,2年間,新賃料の1ヶ月分,-,加入要保証会社：その他保証会社利用料：初回10000円,要,-,空家,即時,0145885-0024772,仲介,2024/03/11,2024/03/20,https://www.homes.co.jp/chintai/room/a0283a65d72e70a4a1f2f12391cf0695c014036b/
11.4万円,"11,000円",無/1ヶ月,-/-,2018年1月(築7年),1K ( 洋室 8帖 ),北東,25.85㎡,角部屋、保証人不要、コンロ二口、システムキッチン、給湯、専用バス、専用トイレ、バス・トイレ別、シャワー付洗面化粧台、温水洗浄便座、浴室乾燥機、洗面所独立、オートロック、TVモニタ付インターホン、エアコン、クローゼット、シューズボックス、光ファイバー、インターネット使用料無料、公営水道、都市ガス、下水、フローリング、洗濯機置場あり、家具・家電付き、エレベーター、宅配ボックス、初期費用カード決済可、分譲賃貸、【赤羽店周辺のお部屋探しはタウンハウジング赤羽店にお任せください】信用と実績の創業45周年！赤羽駅北改札東口徒歩3分のＬａｌａガーデン商店街沿いにございます。赤羽駅を中心に1都3県136店舗100，000件以上の情報量とお客様のニーズにお応えするお部屋探しはタウンハウジング赤羽店へ！！,RC(鉄筋コンクリート),無,-,定期借家,2年間,新賃料の1ヶ月分,"鍵交換費用：33,000円、室内清掃費用：55,000円、事務手数料：22,000円",加入要保証会社：その他保証会社利用料：初回保証料：総賃料の100％　更新時：10，000円／年毎,要,-,居住中,2024年05月 中旬,0005009-0233950,仲介,2024/03/12,2024/03/20,https://www.homes.co.jp/chintai/room/bf59adc558a3edf65bd618a0e263488aad276ef1/
10万円,"6,000円",1ヶ月/無,-/-,2018年1月(築7年),"1K ( キッチン 3帖
洋室 7.6帖 )",南東,28.31㎡,角部屋、ペット相談、保証人不要、コンロ二口、システムキッチン、給湯、専用バス、専用トイレ、バス・トイレ別、追焚機能、シャワー、シャワー付洗面化粧台、温水洗浄便座、浴室乾燥機、洗面所独立、オートロック、TVモニタ付インターホン、エアコン、クローゼット、シューズボックス、CS対応、BS対応、インターネット対応、インターネット使用料無料、都市ガス、フローリング、バルコニー、室内洗濯機置場、全室フローリング、タイル貼り、エレベーター、宅配ボックス、駐輪場あり、ペット(小型犬・猫2匹まで)飼育は敷金2ヶ月、法人契約の場合、礼金1ヶ月増,RC(鉄筋コンクリート),"近隣 33,000円(税込) 物件からの距離300m",18戸,-,2年間,新賃料の1ヶ月分,"仲介手数料：賃料1ヶ月分に対する110％、鍵交換費用：19,800円、町会費/月：150円、ライプサポート24/月：1,320円",加入要保証会社：全保連保証会社利用料：0.50ヶ月 初回：賃料総額50％、1年毎1.5万円、引落手数料660円(税込),要,-,居住中,2024年04月 中旬,0147375-0039657,専属専任媒介,2024/03/16,2024/03/20,https://www.homes.co.jp/chintai/room/14a9bb37f567cad75426520fcf06b62fd94628a7/
8.3万円,"5,000円",1ヶ月/無,-/-,2018年10月(築6年),"1K ( 洋室 6帖
キッチン 3.2帖 )",南東,29.71㎡,角部屋、ガスコンロ設置済、コンロ二口、システムキッチン、給湯、専用バス、専用トイレ、バス・トイレ別、追焚機能、シャワー、シャワー付洗面化粧台、温水洗浄便座、浴室乾燥機、洗面所独立、オートバス、防犯カメラ、TVモニタ付インターホン、エアコン、クローゼット、シューズボックス、公営水道、都市ガス、下水、フローリング、室内洗濯機置場、照明器具付き、駐輪場あり、初期費用カード決済可,木造,-,-,-,2年間,新賃料の1ヶ月分,-,加入要保証会社：日本セーフティー保証会社利用料：初回：賃料等の50％　月額：800円（口座振替手数料440円）,要,管理員：巡回、管理会社：富士不動産株式会社,居住中,相談,0140192-0000073,専任媒介,2024/03/08,2024/03/20,https://www.homes.co.jp/chintai/room/f78941305cde9da3d51cf2850177e8e40f04d9ff/
9.4万円,"4,000円",0.5ヶ月/1.5ヶ月,-/-,2018年9月(築6年),ワンルーム ( 洋室 8.9帖 ),北西,29.25㎡,楽器不可、二人入居不可、ペット不可、ルームシェア不可、保証人不要、即入居可、ガスコンロ設置済、コンロ二口、システムキッチン、給湯、専用バス、専用トイレ、バス・トイレ別、温水洗浄便座、浴室乾燥機、洗面所独立、オートロック、防犯カメラ、TVモニタ付インターホン、エアコン、クローゼット、シューズボックス、CATV、光ファイバー、公営水道、都市ガス、下水、フローリング、室内洗濯機置場、照明器具付き、ごみ出し24時間OK、宅配ボックス、駐輪場あり、初期費用カード決済可、住まい探し特典あり、保険料800円(月額)　月次保証料1470円(月額)　お問い合わせは上野駅徒歩1分のアップスタイルまで☆水曜日も元気に営業☆初めての一人暮らしから法人契約まで幅広くご対応致します♪初期費用分割・クレジット決済可能！仲介手数料（賃料の1.1ヶ月分）から50％OFF(CPIDAA),木造,-,-,-,2年間,新賃料の1ヶ月分,"仲介手数料：51,700円、鍵交換費用：29,700円",加入要保証会社利用料：　月額総賃料の50％要。,要,管理員：巡回,空家,即時,0111440-0143721,仲介,2024/03/12,2024/03/19,https://www.homes.co.jp/chintai/room/47eb486feff30c0814ccfdeb868797fe0a25bd00/
6万円,"5,000円",無/無,-/-,2023年6月(築1年),ワンルーム ( 洋室 6.5帖 ),-,10.12㎡,即入居可、IHコンロ、バスなし、専用トイレ、TVモニタ付インターホン、エアコン、公営水道、宅配ボックス、住まい探し特典あり、解約予告1ヶ月前　更新事務手数料0.25ヶ月分　短期解約違約金有,RC(鉄筋コンクリート),-,-,-,2年間,新賃料の1ヶ月分,"室内清掃費用：50,500円、くらしーど：16,500円",加入要保証会社利用料：　初回50％～,要,-,空家,即時,0132062-0263327,仲介,2024/01/24,2024/03/20,https://www.homes.co.jp/chintai/room/d234fb33f803a124487b4e9e8a94a85579408de7/
10.3万円,"5,000円",1ヶ月/1ヶ月,-/-,2017年1月(築8年),"1LDK ( 洋室 5帖
リビングダイニングキッチン 10帖 )",南東,35.81㎡,角部屋、二人入居可、保証人不要、即入居可、ガスコンロ設置済、コンロ三口、システムキッチン、カウンターキッチン、給湯、専用バス、専用トイレ、バス・トイレ別、追焚機能、シャワー、シャワー付洗面化粧台、温水洗浄便座、浴室乾燥機、洗面所独立、オートバス、TVモニタ付インターホン、エアコン、全居室収納、クローゼット、シューズボックス、インターネット対応、公営水道、都市ガス、下水、フローリング、バルコニー、室内洗濯機置場、照明器具付き、駐輪場あり、初期費用カード決済可、☆初期費用クレジット決済可能☆オンライン内見・契約可能☆ネット掲載物件一括ご紹介可能☆条件交渉や審査のご相談等お気軽にお問い合わせください！電話番号03ー6910−0383※子供不可,木造,"近隣 44,000円(税込) 物件からの距離250m",4戸,-,2年間,新賃料の1ヶ月分,"仲介手数料：113,300円、鍵交換費用：22,000円、契約事務手数料：16,500円、安心サポート24：16,500円",加入要保証会社利用料：契約時月額総賃料の80％～（保証人有り）。継続保証料1．2万／年間,要,管理員：巡回、管理形態：全部委託,空家,即時,0146199-0011638,仲介,2024/03/19,2024/03/19,https://www.homes.co.jp/chintai/room/66f9df6532273cd262ff7a6f201d029d424eb375/
10.9万円,"8,000円",1ヶ月/1ヶ月,-/-,2017年7月(築7年),"1K ( 洋室 8帖
キッチン 2.4帖 )",東,26.48㎡,角部屋、楽器不可、事務所不可、二人入居不可、ペット不可、ルームシェア不可、保証人不要、ガスコンロ設置済、コンロ二口、システムキッチン、冷蔵庫付き、専用バス、専用トイレ、バス・トイレ別、シャワー、温水洗浄便座、浴室乾燥機、洗面所独立、オートバス、オートロック、防犯カメラ、TVモニタ付インターホン、エアコン、全居室収納、クローゼット、シューズボックス、光ファイバー、都市ガス、汲取、フローリング、バルコニー、室内洗濯機置場、タイル貼り、エレベーター、ごみ出し24時間OK、宅配ボックス、住まい探し特典あり、月額保証料:総賃料の1％　エアコン清掃費:8250円　口座振替手数料110円　保証会社:初回総賃料の50％。,RC(鉄筋コンクリート),無,-,-,-,新賃料の1ヶ月分,"鍵交換費用：33,000円、室内清掃費用：49,500円、火災保険：15,360円",-,要,-,居住中,2024年04月 下旬,0147649-0089443,仲介,2024/03/12,2024/03/20,https://www.homes.co.jp/chintai/room/43bb8c18c18ff44134b3658f8630e936aa0d46ec/
8万円,"12,000円",無/8万円,-/-,2020年12月(築4年),ワンルーム ( 洋室 10.1帖 ),西,21.36㎡,角部屋、事務所不可、保証人不要、IHコンロ、システムキッチン、給湯、専用バス、専用トイレ、バス・トイレ別、温水洗浄便座、浴室乾燥機、洗面所独立、オートロック、防犯カメラ、TVモニタ付インターホン、エアコン、シューズボックス、インターネット使用料無料、公営水道、下水、オール電化、フローリング、洗濯機置場あり、デザイナーズ、住まい探し特典あり、害虫バリア：16500円　♪当店は口コミ評価☆4以上の店舗です。お気軽にお問合せください！♪【グーグル口コミページ：https://goo.su/twn4】,RC(鉄筋コンクリート),無,-,-,2年間,"120,000円","仲介手数料：44,000円、クリーニング費用：44,000円、鍵交換費用：27,500円、プレミアデスク（2年）：16,500円",加入要保証会社：指定保証会社保証会社利用料：家賃保証会社 初回保証料50％ 毎月賃料等請求金額の合計1.5％,要,-,賃貸中,2024年03月 下旬,0125509-0011872,仲介,2024/01/07,2024/03/20,https://www.homes.co.jp/chintai/room/22e53021721ac9a5416734e5254562225107cd52/
9.8万円,"8,000円",1ヶ月/1ヶ月,-/-,2016年2月(築9年),ワンルーム ( 洋室 11.7帖 ),東,25.03㎡,ペット相談、保証人不要、ガスコンロ設置済、コンロ二口、システムキッチン、専用バス、専用トイレ、バス・トイレ別、シャワー、シャワー付洗面化粧台、温水洗浄便座、浴室乾燥機、洗面所独立、オートロック、防犯カメラ、TVモニタ付インターホン、エアコン、クローゼット、シューズボックス、CS対応、BS対応、光ファイバー、公営水道、都市ガス、下水、フローリング、室内洗濯機置場、照明器具付き、宅配ボックス、初期費用カード決済可、住まい探し特典あり、初期費用の分割・クレジットカード決済可能です！退去時クリーニング費41800円借主負担。ペット飼育時敷金1ヵ月積増、退去時実費精算。,RC(鉄筋コンクリート),-,23戸,-,2年間,新賃料の1ヶ月分,"鍵交換費用：27,500円",加入要保証会社利用料：　契約時月額総支払額の60％、月額月額総支払額の1％、更新なし,要,-,居住中,2024年04月 中旬,0145702-0105994,仲介,2024/03/09,2024/03/20,https://www.homes.co.jp/chintai/room/fdb9f4e66e4c6c070569243bf210c5d51db30d12/
9.3万円,"10,000円",1ヶ月/1ヶ月,-/-,2018年1月(築7年),ワンルーム,-,20.06㎡,即入居可、ガスコンロ設置済、コンロ二口、システムキッチン、給湯、専用バス、専用トイレ、バス・トイレ別、シャワー、温水洗浄便座、洗面所独立、防犯カメラ、TVモニタ付インターホン、エアコン、シューズボックス、公営水道、下水、フローリング、室内洗濯機置場、タイル貼り、ごみ出し24時間OK、デザイナーズ,RC(鉄筋コンクリート),-,-,-,-,-,"鍵交換費用：38,500円、室内清掃費用：16,500円",加入要保証会社利用料：詳細はお問い合わせください,要,-,空家,即時,0148828-0000223,仲介,2024/02/05,2024/03/16,https://www.homes.co.jp/chintai/room/67cba3385df969b78c5c4dd74f604465638549ba/
12.9万円,"10,000円",1ヶ月/無,-/-,2019年3月(築6年),ワンルーム ( 洋室 8.7帖 ),西,30.74㎡,角部屋、楽器不可、事務所不可、二人入居可、ペット可、ルームシェア不可、保証人不要、即入居可、ガスコンロ設置済、コンロ二口、システムキッチン、専用バス、専用トイレ、バス・トイレ別、追焚機能、シャワー、浴室乾燥機、洗面所独立、オートバス、オートロック、防犯カメラ、TVモニタ付インターホン、エアコン、ウォークインクローゼット、クローゼット、シューズボックス、光ファイバー、インターネット使用料無料、公営水道、都市ガス、下水、フローリング、バルコニー、室内洗濯機置場、照明器具付き、タイル貼り、エレベーター、ごみ出し24時間OK、宅配ボックス、住まい探し特典あり、保証会社月額支払手数料:賃料等の1％、ペット相談可（小型犬・猫合計1匹まで、敷金1ヶ月追加）、1年未満の解約違約金有り　保証会社:初回総賃料の50％。,RC(鉄筋コンクリート),無,-,-,-,-,"鍵交換費用：27,500円",-,要,-,空家,即時,0147649-0088912,仲介,2024/03/09,2024/03/20,https://www.homes.co.jp/chintai/room/3e3dff4ab2190e0cad7d3e01f64ba5a996677fa7/
10.7万円,"15,000円",無/無,-/-,2018年7月(築6年),1K,-,26.5㎡,角部屋、保証人不要、即入居可、ガスコンロ設置済、コンロ二口、システムキッチン、給湯、専用トイレ、バス・トイレ別、温水洗浄便座、浴室乾燥機、洗面所独立、オートロック、TVモニタ付インターホン、エアコン、シューズボックス、インターネット対応、インターネット使用料無料、公営水道、都市ガス、フローリング、バルコニー、エレベーター、宅配ボックス、バイク置き場あり、駐輪場あり、初期費用カード決済可、お部屋の詳細はどんなことでもお問い合わせください！,RC(鉄筋コンクリート),無,-,-,2年間,新賃料の1ヶ月分,"鍵交換費用：16,500円",加入要保証会社：その他保証会社利用料：0.40ヶ月,要,-,空家,即時,0005010-0531430,仲介,2024/03/10,2024/03/20,https://www.homes.co.jp/chintai/room/fe19cadf1f8fde44a3d1cc107711b1b793da701c/
8.7万円,"15,000円",無/1ヶ月,-/-,2013年4月(築11年),1K ( 洋室 8.5帖 ),北東,25.55㎡,角部屋、ペット相談、ガスコンロ設置済、コンロ二口、システムキッチン、給湯、専用バス、専用トイレ、バス・トイレ別、シャワー、温水洗浄便座、浴室乾燥機、洗面所独立、オートロック、防犯カメラ、TVモニタ付インターホン、エアコン、ウォークインクローゼット、クローゼット、シューズボックス、CATV、インターネット対応、公営水道、都市ガス、下水、フローリング、バルコニー、室内洗濯機置場、エレベーター、宅配ボックス、バイク置き場あり、駐輪場あり、分譲賃貸、住まい探し特典あり、ベルプラス2200円(月額)　お車でご案内いたします。お気軽にお問い合わせください。　ペット飼育時：敷金1か月分加算（償却）　1年未満の解約の場合、総賃料2ヶ月分の短期解約違約金あり。　1年以上1.5年未満の解約の場合、総賃料1.5ヶ月分の短期解約違約金あり。,RC(鉄筋コンクリート),無,34戸,-,2年間,新賃料の1.5ヶ月分,"鍵交換費用：33,000円、室内抗菌代：13,000円",加入要保証会社利用料：　初回保証料：月額総賃料の50％　月額保証料：1000円若しくは月額総賃料1．3％、,不要,-,居住中,2024年06月 上旬,0105462-0268106,仲介,2024/03/19,2024/03/20,https://www.homes.co.jp/chintai/room/d76c45929fd23d060ddf7cf3c56ad69007a6537f/
9万円,"12,000円",無/1ヶ月,-/-,2013年5月(築11年),1K,北東,25.66㎡,事務所不可、二人入居不可、ペット可、ルームシェア不可、家賃保証付き、保証人不要、ガスコンロ設置済、コンロ二口、システムキッチン、専用バス、専用トイレ、バス・トイレ別、シャワー付洗面化粧台、温水洗浄便座、浴室乾燥機、洗面所独立、オートロック、防犯カメラ、TVモニタ付インターホン、エアコン、ウォークインクローゼット、クローゼット、シューズボックス、CATV、CS対応、BS対応、光ファイバー、公営水道、都市ガス、下水、フローリング、バルコニー、室内洗濯機置場、エレベーター、ごみ出し24時間OK、宅配ボックス、初期費用カード決済可、分譲賃貸、住まい探し特典あり、セジョリ駒込は東京都文京区本駒込5丁目に所在し、ＪＲ山手線の駒込駅が利用できる賃貸物件です。ウォークインクローゼット完備で荷物をすっきりとまとめられますね。当店であれば初期費用をクレジットカードで決済可能です。（条件付）遠方の方やご来店が難しい方はリモートにてお部屋のご紹介や内見も可能です。更新事務費用：1.1万円,RC(鉄筋コンクリート),無,-,-,2年間,新賃料の1ヶ月分,-,加入要保証会社利用料：初回：月額総家賃の50％～,要,-,居住中,2024年04月 上旬,0140535-0022929,仲介,2024/03/19,2024/03/20,https://www.homes.co.jp/chintai/room/bb5afe5747a3f09a59691dcd9912c6308c2b23be/
11.5万円,"5,000円",1ヶ月/無,-/-,2015年3月(築10年),ワンルーム ( 洋室 11帖 ),西,30.95㎡,角部屋、ガスコンロ設置済、コンロ二口、システムキッチン、給湯、専用バス、専用トイレ、バス・トイレ別、シャワー、温水洗浄便座、浴室乾燥機、洗面所独立、オートロック、TVモニタ付インターホン、エアコン、クローゼット、シューズボックス、光ファイバー、公営水道、都市ガス、下水、バルコニー、室内洗濯機置場、宅配ボックス、バイク置き場あり、駐輪場あり、住まい探し特典あり、1年未満の解約時賃料1ヶ月分の違約金あり,鉄骨造,-,13戸,-,2年間,新賃料の1ヶ月分,"室内清掃費用：52,800円、24Hサポート：16,500円、町内会費（2年間）：4,800円",加入要保証会社利用料：　初回保証料：月額賃料合計の50％　 更新保証料：10，000円／年,要,-,空家,2024年03月 下旬,0128814-0221102,仲介,2024/03/10,2024/03/21,https://www.homes.co.jp/chintai/room/3dc9567cf5872eea688dc4bc2abd3c34d7fc5b75/
7.4万円,"3,000円",1ヶ月/無,-/-,2020年6月(築4年),ワンルーム ( 洋室 7.6帖 ),西,16.81㎡,角部屋、保証人要、即入居可、IHコンロ、コンロ一口、バスなし、専用トイレ、バス・トイレ別、シャワー付洗面化粧台、温水洗浄便座、洗面所独立、TVモニタ付インターホン、エアコン、シューズボックス、インターネット対応、公営水道、都市ガス、下水、フローリング、バルコニー、室内洗濯機置場、初期費用カード決済可、住まい探し特典あり、口座振替手数料440円(月額)　住み替え応援キャンペーン対象物件【電話番号付きのお問い合わせ・電話問合せ限定】【仲介手数料0円】　契約金カード払い・分割可能/家具家電付きプラン有　女性スタッフ対応可。　退去時ルームクリーニング代：55000円,木造,-,-,定期借家,2年間,-,"鍵交換費用：22,000円、24時間サポート：9,900円",加入要保証会社利用料：　保証人有：初回／総賃料50％、更新料／10000円,要,-,空家,即時,0145478-0012267,仲介,2024/01/22,2024/03/19,https://www.homes.co.jp/chintai/room/9302d163fcc2d93d65de0b8deeda36010e548292/
9.4万円,"4,000円",4.7万円/14.1万円,-/-,2018年9月(築6年),ワンルーム ( 洋室 8.9帖 ),北西,29.25㎡,角部屋、即入居可、ガスコンロ設置済、コンロ二口、システムキッチン、専用バス、専用トイレ、バス・トイレ別、シャワー、シャワー付洗面化粧台、温水洗浄便座、浴室乾燥機、洗面所独立、オートロック、防犯カメラ、TVモニタ付インターホン、エアコン、クローゼット、CATV、光ファイバー、公営水道、都市ガス、下水、フローリング、室内洗濯機置場、照明器具付き、宅配ボックス、初期費用カード決済可、住まい探し特典あり、保険料800円(月額)　【仲介手数料無料（0円）対象物件】-初期費用の分割・クレジットカード決済可能です！お気軽にご相談下さい。退去時室内クリーニング代実費精算。,木造,-,-,-,2年間,新賃料の1ヶ月分,"鍵交換費用：29,700円",加入要保証会社利用料：　初回保証料：10000円,要,-,空家,即時,0145719-0091572,仲介,2024/03/12,2024/03/20,https://www.homes.co.jp/chintai/room/a94212618764887d9b0f946073fac615165db4d2/
9.4万円,"4,000円",0.5ヶ月/1.5ヶ月,-/-,2018年9月(築6年),ワンルーム ( 洋室 8.9帖 ),北西,29.25㎡,角部屋、家賃保証付き、保証人不要、即入居可、ガスコンロ設置済、コンロ二口、システムキッチン、専用バス、専用トイレ、バス・トイレ別、温水洗浄便座、浴室乾燥機、洗面所独立、オートロック、防犯カメラ、TVモニタ付インターホン、エアコン、クローゼット、CATV、光ファイバー、公営水道、都市ガス、下水、メゾネット、フローリング、室内洗濯機置場、宅配ボックス、駐輪場あり、初期費用カード決済可、住まい探し特典あり、Creer白山は東京都文京区白山1丁目に所在し、東京メトロ南北線の東大前駅が利用できる賃貸物件です。オートロック・防犯カメラ完備でセキュリティ面で安心できるお部屋になっております。当店であれば初期費用をクレジットカードで決済可能です。（条件付）遠方の方やご来店が難しい方はリモートにてお部屋のご紹介や内見も可能です。,木造,無,-,-,2年間,新賃料の1ヶ月分,"鍵交換費用：29,700円、保険料（月）（月額）：800円",加入要保証会社：JACCS保証会社利用料：初回保証料1万円（審査によっては別途保証会社に加入していただく可能性があります。）,要,-,空家,即時,0144552-0010021,仲介,2024/03/12,2024/03/20,https://www.homes.co.jp/chintai/room/9aaf80031a14fb49868cec1c19d59a1d8a318b09/
15万円,"15,000円",無/無,-/-,2023年2月(築2年),"1LDK ( リビングダイニングキッチン 10.5帖
洋室 4帖 )",南西,33.91㎡,角部屋、ペット相談、保証人不要、ガスコンロ設置済、コンロ三口、システムキッチン、専用バス、専用トイレ、バス・トイレ別、追焚機能、シャワー付洗面化粧台、温水洗浄便座、浴室乾燥機、洗面所独立、オートバス、オートロック、防犯カメラ、TVモニタ付インターホン、ディンプルキー、エアコン、クローゼット、シューズボックス、CS対応、BS対応、光ファイバー、インターネット使用料無料、公営水道、都市ガス、下水、フローリング、バルコニー、室内洗濯機置場、エレベーター、ごみ出し24時間OK、宅配ボックス、バイク置き場あり、駐輪場あり、初期費用カード決済可、住まい探し特典あり、当物件は■仲介手数料【0円】でご紹介いたします。■「高級賃貸」に精通した専門スタッフがご対応いたします。■現地、又は最寄り駅「お待合わせ」にてご案内いたします。■初期費用（全額、又は一部）の分割払いを、喜んでお受けいたします。（クレジットカード、入居ローン、など）■ペット飼育時、敷金積み増し1ヶ月/ルームクリーニング費用借主負担（退去時）/短期解約時、違約金が発生する場合がございます。,RC(鉄筋コンクリート),無,27戸,-,2年間,新賃料の1ヶ月分,"鍵交換費用：33,000円",加入要保証会社：貸主指定会社保証会社利用料：月額賃料等の60％（初回保証料）と月額賃料等の1％/月,要,管理員：巡回,居住中,2024年04月 下旬,0139204-0046062,仲介,2024/03/18,2024/03/20,https://www.homes.co.jp/chintai/room/12ab0ab9dbdd1dbd9ae4331dc353c87d6740bc7c/
9.7万円,"8,000円",1ヶ月/1ヶ月,-/-,2016年2月(築9年),ワンルーム ( 洋室 11.7帖 ),東,25.03㎡,単身者限定、ペット相談、保証人不要、IHコンロ、コンロ二口、システムキッチン、給湯、専用バス、専用トイレ、バス・トイレ別、シャワー、温水洗浄便座、浴室乾燥機、洗面所独立、浴室暖房、オートロック、防犯カメラ、TVモニタ付インターホン、エアコン、シューズボックス、CATV、CS対応、BS対応、光ファイバー、公営水道、都市ガス、下水、フローリング、室内洗濯機置場、照明器具付き、24時間換気システム、タイル貼り、ごみ出し24時間OK、宅配ボックス、バイク置き場あり、駐輪場あり、初期費用カード決済可、デザイナーズ、住まい探し特典あり、この物件は初期費用分割できます。空室確認即時返答します。まずはお電話下さい。メール問い合わせも即時対応致します。清掃費用は借主負担です（＾−＾）ペット相談：敷金2ヶ月増額。バイク置き場あり5500円。,RC(鉄筋コンクリート),"近隣 40,000円(税込) 物件からの距離500m",-,-,2年間,-,"鍵交換費用：27,500円、室内清掃費用：41,800円、口座振替手数料：330円",加入要保証会社：その他保証会社利用料：総賃料の60%・総賃料の1%/月,要,管理員：巡回,居住中,2024年03月 下旬,0118278-0052459,仲介,2024/03/07,2024/03/20,https://www.homes.co.jp/chintai/room/1022734b185c9b9383ad6820b87c2c4ac00af877/
9.8万円,"8,000円",1ヶ月/1ヶ月,-/-,2016年2月(築9年),ワンルーム ( 洋室 11.7帖 ),東,25.03㎡,事務所不可、二人入居不可、単身者限定、ペット相談、ガスコンロ設置済、コンロ二口、システムキッチン、専用バス、専用トイレ、バス・トイレ別、シャワー、温水洗浄便座、浴室乾燥機、オートロック、防犯カメラ、TVモニタ付インターホン、ディンプルキー、エアコン、シューズボックス、CS対応、BS対応、光ファイバー、公営水道、都市ガス、下水、フローリング、室内洗濯機置場、全室フローリング、宅配ボックス、バイク置き場あり、駐輪場あり、【赤羽店周辺のお部屋探しはタウンハウジング赤羽店にお任せください】信用と実績の創業45周年！赤羽駅北改札東口徒歩3分のＬａｌａガーデン商店街沿いにございます。赤羽駅を中心に1都3県136店舗100，000件以上の情報量とお客様のニーズにお応えするお部屋探しはタウンハウジング赤羽店へ！！,RC(鉄筋コンクリート),無,23戸,-,2年間,新賃料の1ヶ月分,"鍵交換費用：27,500円",加入要保証会社：その他保証会社利用料：【契約時】月額総支払額の60％、【月額】月額総支払額の1％、【更新】なし,要,-,居住中,2024年04月 中旬,0005009-0233738,仲介,2024/03/08,2024/03/20,https://www.homes.co.jp/chintai/room/fed39e23853a35473c1b33a2212ecd776ebf5bc1/
13.6万円,"3,000円",1ヶ月/0.5ヶ月,-/-,2021年6月(築3年),"1LDK ( リビングダイニングキッチン 12.6帖
洋室 7.6帖 )",南,44㎡,角部屋、二人入居可、保証人不要、ガスコンロ設置済、コンロ二口、システムキッチン、給湯、専用バス、専用トイレ、バス・トイレ別、追焚機能、シャワー、シャワー付洗面化粧台、温水洗浄便座、浴室乾燥機、洗面所独立、オートバス、TVモニタ付インターホン、防犯（雨戸）シャッター、ディンプルキー、エアコン、全居室収納、クローゼット、シューズボックス、CATV、光ファイバー、公営水道、都市ガス、下水、フローリング、バルコニー、室内洗濯機置場、照明器具付き、24時間換気システム、南面バルコニー、全室フローリング、宅配ボックス、初期費用カード決済可、全室2面採光、住まい探し特典あり、築浅物件。1年未満の解約違約金1ヶ月。モニター付きインターホン・独立洗面台・浴室乾燥機・温水洗浄便座・防犯シャッター・宅配ボックス。退去時の原状回復費用は借主負担。当物件はクレジット決済可能です。,木造,"近隣 30,000円(税込) 物件からの距離500m",2戸,定期借家,2年間,-,"鍵交換費用：22,000円、24Ｈサポート+家財保険　月額：1,320円、書類作成代：1,100円",加入要保証会社：詳細はお問い合わせください。保証会社利用料：初回保証料　賃料+管理費（共益費）等50％　/　月次保証料　1、000円,要,-,居住中,2024年05月 中旬,0108440-0074694,仲介,2024/03/13,2024/03/20,https://www.homes.co.jp/chintai/room/26bd5c288135bad883fbfdb6586a8fc43844c79b/
10.8万円,"7,000円",1ヶ月/1ヶ月,-/1ヶ月（退去時）,2014年11月(築10年),ワンルーム ( 洋室 11.5帖 ),東,29.39㎡,角部屋、楽器不可、事務所不可、ペット不可、ルームシェア不可、家賃保証付き、保証人不要、即入居可、IHコンロ、コンロ一口、専用バス、専用トイレ、バス・トイレ別、追焚機能、温水洗浄便座、浴室乾燥機、洗面所独立、オートバス、オートロック、防犯カメラ、TVモニタ付インターホン、エアコン、クローゼット、シューズボックス、インターネット対応、公営水道、都市ガス、下水、フローリング、バルコニー、室内洗濯機置場、初期費用カード決済可、住まい探し特典あり、ユノー東大前は東京都文京区本郷6丁目に所在し、東京メトロ南北線の東大前駅が利用できる賃貸物件です。オートロック、温水洗浄便座、浴室乾燥機など設備が充実したお部屋でございます。当店であれば初期費用をクレジットカードで決済可能です。（条件付）遠方の方やご来店が難しい方はリモートにてお部屋のご紹介や内見も可能です。違約金有：1年未満解約時賃料1ヶ月,木造,無,-,-,2年間,新賃料の1ヶ月分,口座振替手数料（月額）：440円,加入要保証会社：日本セーフティー保証会社利用料：初回：月額総家賃の50％～,要,管理員：巡回,空家,即時,0144552-0010258,仲介,2024/01/30,2024/03/20,https://www.homes.co.jp/chintai/room/2460e14fbce68c7b48d570335b7ff5206ace6819/
13.6万円,"3,000円",1ヶ月/0.5ヶ月,-/-,2021年5月(築3年),"1LDK ( リビングダイニングキッチン 12.6帖
洋室 7.6帖 )",南,44㎡,角部屋、保証人不要、ガスコンロ設置済、コンロ二口、システムキッチン、給湯、専用バス、専用トイレ、バス・トイレ別、追焚機能、シャワー、シャワー付洗面化粧台、温水洗浄便座、浴室乾燥機、洗面所独立、浴室暖房、オートバス、防犯カメラ、TVモニタ付インターホン、ディンプルキー、エアコン、クローゼット、シューズボックス、CATV、CS対応、BS対応、光ファイバー、公営水道、都市ガス、下水、フローリング、バルコニー、室内洗濯機置場、照明器具付き、24時間換気システム、南面バルコニー、タイル貼り、ごみ出し24時間OK、宅配ボックス、駐輪場あり、初期費用カード決済可、デザイナーズ、住まい探し特典あり、この物件は初期費用分割できます。空室確認即時返答します。まずはお電話下さい。メール問い合わせも即時対応致します。清掃費用は借主負担です（＾−＾）1年未満の解約で総賃料1ヵ月分の違約金有。,木造,"近隣 40,000円(税込) 物件からの距離500m",-,-,2年間,-,"鍵交換費用：22,000円、サポート料・口座振替手数料：1,650円、郵送代・書類代：1,100円",加入要保証会社：その他保証会社利用料：総賃料の50%・1000円/月,要,管理員：巡回,居住中,2024年05月 中旬,0118278-0052743,仲介,2024/03/16,2024/03/17,https://www.homes.co.jp/chintai/room/df7844a31ea92e495483c510b153be30f7fe6c78/
10.1万円,"5,500円",無/無,-/-,2017年9月(築7年),"1K ( キッチン 3.2帖
洋室 7.6帖 )",南東,28.27㎡,角部屋、単身者限定、保証人不要、ガスコンロ設置済、コンロ二口、システムキッチン、給湯、専用トイレ、バス・トイレ別、追焚機能、シャワー、シャワー付洗面化粧台、温水洗浄便座、浴室乾燥機、洗面所独立、オートロック、TVモニタ付インターホン、エアコン、全居室収納、クローゼット、シューズボックス、光ファイバー、インターネット使用料無料、公営水道、都市ガス、下水、フローリング、バルコニー、室内洗濯機置場、宅配ボックス、駐輪場あり、住まい探し特典あり、消毒料：16500円、鍵交換料：26400円　オンライン内見なら来店不要！現地に行くことなく、仕事の休憩中や家事の合間など都合の良い時間・好きな場所から内見できます。,鉄骨造,無,11戸,-,2年間,新賃料の1ヶ月分,"仲介手数料：55,550円、ミニミニライフサポート料（月額）：3,000円、口座振替手数料：1,050円、内装工事費：58,119円",加入要保証会社：ISLAND Financial Supports 株式会社・株式会社ジャックス保証会社利用料：家賃保証会社 初回保証料50％ 毎月賃料等請求金額の合計1％,不要,-,賃貸中,2024年04月 中旬,0108931-0025636,専任媒介,2024/01/16,2024/03/20,https://www.homes.co.jp/chintai/room/ba20bd782f283e650e15a312281ea1cc4bd5c102/
11万円,"15,000円",無/11万円,-/-,2018年9月(築6年),1K ( 洋室 8.3帖 ),北,25.45㎡,ペット相談、ガスコンロ設置済、コンロ二口、システムキッチン、バス・トイレ別、シャワー、温水洗浄便座、浴室乾燥機、洗面所独立、オートロック、防犯カメラ、TVモニタ付インターホン、エアコン、光ファイバー、インターネット使用料無料、都市ガス、フローリング、バルコニー、室内洗濯機置場、エレベーター、宅配ボックス、デザイナーズ、分譲賃貸、事務手数料：11000円　ミニミニ茗荷谷店は、分譲マンションやデザイナーズ、敷金礼金ゼロゼロ、光ファイバー対応物件にロフト付き物件など幅広く取り扱っております。メゾネットや戸建などもご相談下さい,RC(鉄筋コンクリート),無,37戸,-,2年間,"110,000円","仲介手数料：60,500円、鍵交換料：27,500円、24時間緊急サポート：22,000円、退去時クリーニング代：55,000円",加入要保証会社：指定保証会社あり保証会社利用料：家賃保証会社 初回保証料100％,要,管理員：巡回,賃貸中,2024年04月 中旬,0125509-0012073,仲介,2024/03/18,2024/03/20,https://www.homes.co.jp/chintai/room/6cfa1a5841c2581f7f3673c1220d45d1c42e5400/
8.5万円,"5,000円",1ヶ月/1ヶ月,-/-,2021年3月(築4年),ワンルーム ( 洋室 10帖 ),-,21.9㎡,角部屋、楽器不可、事務所不可、女性限定、ペット不可、家賃保証付き、保証人不要、ガスコンロ設置済、コンロ二口、システムキッチン、専用バス、専用トイレ、バス・トイレ別、温水洗浄便座、浴室乾燥機、洗面所独立、TVモニタ付インターホン、エアコン、クローゼット、インターネット対応、公営水道、都市ガス、下水、フローリング、室内洗濯機置場、初期費用カード決済可、住まい探し特典あり、EDKは東京都文京区小日向1丁目に所在し、東京メトロ丸ノ内線の茗荷谷駅が利用できる賃貸物件です。当店であれば初期費用をクレジットカードで決済可能です。（条件付）遠方の方やご来店が難しい方はリモートにてお部屋のご紹介や内見も可能です。,木造,無,-,定期借家,2年間,新賃料の1ヶ月分,"鍵交換費用：26,400円、防災セット（初回のみ）：11,000円、室内消臭消毒（初回のみ）：22,000円、ゴキブリ駆除（初回のみ）：22,000円",加入要保証会社利用料：初回保証料：総賃料60％,要,管理会社：株式会社アップル東京　茗荷谷店,空家,相談（詳細はお問い合わせください。）,0138199-0019683,仲介,2024/03/03,2024/03/20,https://www.homes.co.jp/chintai/room/5ef3ba4fe79d022b9a83624443bfbcb736426ce7/
8.5万円,"5,000円",1ヶ月/1ヶ月,-/-,2021年3月(築4年),ワンルーム ( 洋室 10帖 ),-,21.9㎡,角部屋、女性限定、保証人不要、IHコンロ、コンロ二口、システムキッチン、給湯、専用バス、専用トイレ、バス・トイレ別、シャワー、温水洗浄便座、浴室乾燥機、洗面所独立、TVモニタ付インターホン、エアコン、クローゼット、シューズボックス、インターネット対応、公営水道、都市ガス、下水、フローリング、室内洗濯機置場、照明器具付き、初期費用カード決済可、アップルサポート241100円(月額)　口座振替料864円(月額)　【女性限定】女性スタッフ担当物件です！女性の方には親身に対応いたしますのでご安心下さい！☆初期費用クレジット決済可能☆オンライン内見・契約可能☆ネット掲載物件一括ご紹介可能☆条件交渉や審査のご相談等お気軽にお問い合わせください！電話番号03ー6910−0383※短期解約違約金有り（詳細はお問い合わせください）,木造,"近隣 44,000円(税込) 物件からの距離250m",-,定期借家,2年間,-,"仲介手数料：93,500円、鍵交換費用：26,400円、防災セット：11,000円、室内消臭消毒：22,000円、契約事務手数料：11,000円",加入要保証会社利用料：初回：総賃料の60％～、年間：10，000円、口座振替手数料：864円,要,管理員：巡回、管理形態：全部委託,居住中,相談,0146199-0011324,仲介,2024/03/04,2024/03/18,https://www.homes.co.jp/chintai/room/907b630a54df8497e3f29053ccf1d03f3f979d42/
14.5万円,"5,000円",無/無,-/-,2021年7月(築3年),"2K ( 洋室 8.5帖
洋室 5.3帖
キッチン 4.2帖 )",南,46.15㎡,二人入居可、保証人不要、即入居可、IHコンロ、コンロ二口、システムキッチン、給湯、専用バス、専用トイレ、バス・トイレ別、シャワー、温水洗浄便座、浴室乾燥機、洗面所独立、オートロック、TVモニタ付インターホン、エアコン、クローゼット、シューズボックス、インターネット対応、インターネット使用料無料、公営水道、都市ガス、下水、メゾネット、フローリング、室内洗濯機置場、照明器具付き、タイル貼り、宅配ボックス、初期費用カード決済可、デザイナーズ、24時間サポート（24時間コンシェルジュサービス）1100円(月額)　☆初期費用クレジット決済可能☆オンライン内見・契約可能☆ネット掲載物件一括ご紹介可能☆条件交渉や審査のご相談等お気軽にお問い合わせください！電話番号03ー6910−0383※短期解約違約金有り（詳細はお問い合わせください）,RC(鉄筋コンクリート),"近隣 44,000円(税込) 物件からの距離250m",-,-,2年間,新賃料の1ヶ月分,"仲介手数料：159,500円、鍵交換費用：38,500円、室内清掃費用：66,000円、管理登録料：8,800円、インターネット使用時事務手数料：3,300円",加入要保証会社利用料：初回保証料：総賃料の1ヶ月分　月額保証料：総賃料の1．5％,要,管理員：巡回、管理形態：全部委託,空家,即時,0146199-0011640,仲介,2024/03/19,2024/03/19,https://www.homes.co.jp/chintai/room/8852f7acde6e9b3112ceaa829ebbb526c23de56b/
11.4万円,"8,000円",1ヶ月/無,-/-,2018年9月(築6年),1K ( 洋室 7帖(4階) ),東,22.23㎡,ガスコンロ設置済、コンロ二口、システムキッチン、バス・トイレ別、温水洗浄便座、浴室乾燥機、洗面所独立、オートロック、TVモニタ付インターホン、エアコン、BS対応、インターネット対応、インターネット使用料無料、フローリング、室内洗濯機置場、宅配ボックス、初期費用カード決済可、デザイナーズ、住まい探し特典あり,RC(鉄筋コンクリート),無,12戸,-,2年間,新賃料の1ヶ月分,"鍵交換費用：19,800円",加入要保証会社利用料：エポス/初回、賃料等の40％。1年毎に1万円。,要,管理員：巡回,居住中,2024年04月 下旬,0119013-0157671,仲介,2024/03/09,2024/03/20,https://www.homes.co.jp/chintai/room/9bff8c4c2569a1f2b7b93171313ecb4f692ddac0/
10.9万円,"8,000円",1ヶ月/無,-/-,2018年9月(築6年),"1K ( 洋室 7帖(2階)
キッチン 2帖(2階) )",東,22.23㎡,角部屋、事務所不可、ペット不可、ガスコンロ設置済、コンロ二口、システムキッチン、バス・トイレ別、温水洗浄便座、浴室乾燥機、洗面所独立、オートロック、TVモニタ付インターホン、エアコン、BS対応、インターネット対応、インターネット使用料無料、フローリング、室内洗濯機置場、宅配ボックス、初期費用カード決済可、デザイナーズ、住まい探し特典あり、弊社管理物件　礼金なし・ネット無料　駅チカ・1K,RC(鉄筋コンクリート),無,12戸,-,2年間,新賃料の1ヶ月分,"鍵交換費用：19,800円",加入要保証会社利用料：初回保証料：月額総賃料の50％,要,管理員：巡回,居住中,相談,0147004-0006051,仲介,2024/03/08,2024/03/20,https://www.homes.co.jp/chintai/room/648bf31c7e952855c769f8be8b3b8eeed43782ac/
7.4万円,"3,000円",1ヶ月/無,-/-,2020年6月(築4年),ワンルーム ( 洋室 7.6帖 ),西,16.81㎡,角部屋、保証人要、IHコンロ、コンロ一口、バスなし、専用トイレ、シャワー付洗面化粧台、温水洗浄便座、洗面所独立、TVモニタ付インターホン、エアコン、シューズボックス、インターネット対応、公営水道、都市ガス、下水、フローリング、バルコニー、室内洗濯機置場、初期費用カード決済可、住まい探し特典あり、口座振替手数料440円(月額)　住み替え応援キャンペーン対象物件【電話番号付きのお問い合わせ・電話問合せ限定】【仲介手数料0円】　契約金カード払い・分割可能/家具家電付きプラン有　女性スタッフ対応可。　退去時ルームクリーニング代：55000円,木造,-,-,定期借家,2年間,-,"鍵交換費用：22,000円、24時間サポート：9,900円",加入要保証会社利用料：　保証人有：初回／総賃料50％、更新料／10000円,要,-,居住中,2024年04月 上旬,0126526-0058100,仲介,2024/03/10,2024/03/20,https://www.homes.co.jp/chintai/room/08388a6bd5840ab022dcfe7dc8ed5dd665861f0d/
13万円,"10,000円",13万円/無,-/-,2019年11月(築5年),1K,南西,25.98㎡,角部屋、ペット相談、フリーレント1ヶ月（※1年未満での解約の場合、違約金として1ヶ月分頂戴いたします。）、ガスコンロ設置済、コンロ二口、システムキッチン、給湯、専用バス、バス・トイレ別、シャワー、シャワー付洗面化粧台、温水洗浄便座、浴室乾燥機、洗面所独立、オートロック、TVモニタ付インターホン、エアコン、クローゼット、シューズボックス、CS対応、BS対応、光ファイバー、インターネット使用料無料、都市ガス、フローリング、バルコニー、室内洗濯機置場、エレベーター、ごみ出し24時間OK、宅配ボックス、バイク置き場あり、駐輪場あり、インターネット無料・宅配ＢＯＸ・24時間ゴミ出しＯＫペット飼育可能（猫・小型犬合計1匹まで）全戸角部屋！南西向きの陽当たり良好なお部屋です！※ペット飼育の際、敷金2ヶ月分でのお預かりとなります。退去時の室内クリーニング費用負担があります。,RC(鉄筋コンクリート),無,-,-,2年間,"130,000円","仲介手数料：143,000円、バイク置場代：3,300円、駐輪場代：330円",加入要保証会社：オリコフォレントインシュア保証会社利用料：【初回】総支払額の50％（最低2万円）【月額】1、000円,要,管理員：巡回,賃貸中,2024年04月 中旬,3705272-0003469,専任媒介★,2024/01/20,2024/03/20,https://www.homes.co.jp/chintai/room/2525e48b989e09a8008e19e2dc9277f7c9a64ca1/
15.9万円,"15,000円",15.9万円/無,-/-,2023年12月(新築),1LDK,南西,34.84㎡,二人入居可、ペット可、保証人不要、即入居可、ガスコンロ設置済、コンロ二口、システムキッチン、バス・トイレ別、追焚機能、シャワー、シャワー付洗面化粧台、温水洗浄便座、浴室乾燥機、洗面所独立、オートロック、防犯カメラ、TVモニタ付インターホン、エアコン、全居室収納、クローゼット、シューズボックス、CS対応、BS対応、光ファイバー、インターネット使用料無料、都市ガス、フローリング、バルコニー、室内洗濯機置場、エレベーター、宅配ボックス、バイク置き場あり、駐輪場あり、住まい探し特典あり、♪当店は口コミ評価☆4以上の店舗です。お気軽にお問合せください！♪【グーグル口コミページ：https://goo.su/twn4】,RC(鉄筋コンクリート),空無,21戸,-,2年間,"159,000円","仲介手数料：87,450円、駐輪場代：300円、初回保証委託料：87,000円",加入要保証会社：管理会社指定保証会社利用料：家賃保証会社 初回保証料50％,要,-,空家,即時,0125509-0011828,仲介,2023/12/22,2024/03/20,https://www.homes.co.jp/chintai/room/690a5c7c94ce6088bbf619961ad390da908a4799/
7.7万円,"3,000円",無/無,-/-,2018年6月(築6年),"ワンルーム ( 洋室 7.1帖
洋 7.1畳 )",南西,16.68㎡,保証人不要、IHコンロ、コンロ一口、システムキッチン、バス・トイレ別、温水洗浄便座、浴室乾燥機、防犯カメラ、TVモニタ付インターホン、エアコン、インターネット対応、都市ガス、フローリング、バルコニー、室内洗濯機置場、照明器具付き、初期費用カード決済可、住まい探し特典あり、オンライン相談可能・契約時もオンライン・郵送での非接触対応可能です。,木造,-,6戸,定期借家,2年間,新賃料の1ヶ月分,"鍵交換費用：22,000円",加入要保証会社：その他保証会社利用料：0.50ヶ月 初回総賃料50%　別途更新保証料あり,要,管理員：巡回,居住中,2024年05月 上旬,0105441-0170839,仲介,2024/02/29,2024/03/20,https://www.homes.co.jp/chintai/room/89b93c28b1373aab42d4124194c66706c15e7c57/
13.6万円,"3,000円",1ヶ月/0.5ヶ月,-/0.5ヶ月（退去時）,2021年5月(築3年),"1LDK ( リビングダイニングキッチン 12.6帖
洋室 7.6帖 )",南,44㎡,角部屋、事務所不可、二人入居可、ペット不可、ルームシェア不可、ガスコンロ設置済、コンロ二口、システムキッチン、バス・トイレ別、追焚機能、シャワー付洗面化粧台、温水洗浄便座、浴室乾燥機、洗面所独立、TVモニタ付インターホン、エアコン、シューズボックス、都市ガス、フローリング、バルコニー、室内洗濯機置場、南面バルコニー、宅配ボックス、住まい探し特典あり、月額(Art　Club　1320円),木造,無,2戸,定期借家,2年間,新賃料の1ヶ月分,"鍵交換費：22,000円、諸費用：1,100円",加入要保証会社利用料：　※月額費用の50％（スカイレント加入料下限20000円）月額保証料1000円,要,-,-,2024年05月 中旬,3701219-0090251,仲介,2024/03/14,2024/03/20,https://www.homes.co.jp/chintai/room/bd3a01c7881694e01f30a150d56253f0b1cd569a/
15万円,"15,000円",無/無,-/-,2023年2月(築2年),"1LDK ( リビングダイニングキッチン 10.5帖
洋室 4帖 )",南西,33.91㎡,角部屋、二人入居可、ペット相談、保証人不要、ガスコンロ設置済、コンロ三口、システムキッチン、給湯、専用バス、専用トイレ、バス・トイレ別、追焚機能、シャワー、シャワー付洗面化粧台、温水洗浄便座、浴室乾燥機、洗面所独立、オートロック、防犯カメラ、TVモニタ付インターホン、ディンプルキー、エアコン、クローゼット、シューズボックス、CS対応、BS対応、光ファイバー、インターネット使用料無料、公営水道、都市ガス、下水、フローリング、バルコニー、室内洗濯機置場、24時間換気システム、全室フローリング、エレベーター、ごみ出し24時間OK、宅配ボックス、バイク置き場あり、駐輪場あり、初期費用カード決済可、住まい探し特典あり、是非お気軽にご相談ください！,RC(鉄筋コンクリート),-,27戸,-,2年間,新賃料の1ヶ月分,"鍵交換費用：33,000円、駐輪場料金/月：550円、バイク置場料金/月：3,300円",加入要保証会社：その他保証会社利用料：初回保証証　総賃料等の60％、月額1％,要,管理員：巡回,居住中,2024年04月 下旬,0147374-0028994,仲介,2024/03/18,2024/03/20,https://www.homes.co.jp/chintai/room/d3efd9150d3a80e2f9545e6ad97267a09fb94909/
12.2万円,"10,000円",無/1ヶ月,-/-,2015年9月(築9年),"1K ( 洋室 10.8帖
キッチン )",南東,32.5㎡,楽器不可、事務所不可、ペット不可、保証人要、ガスコンロ設置済、コンロ三口、システムキッチン、専用バス、専用トイレ、バス・トイレ別、追焚機能、シャワー、温水洗浄便座、浴室乾燥機、洗面所独立、オートバス、オートロック、防犯カメラ、TVモニタ付インターホン、エアコン、ウォークインクローゼット、クローゼット、シューズボックス、BS対応、光ファイバー、インターネット使用料無料、公営水道、都市ガス、下水、フローリング、バルコニー、室内洗濯機置場、照明器具付き、タイル貼り、エレベーター、ごみ出し24時間OK、バイク置き場あり、駐輪場あり、住まい探し特典あり、クリーニング代借主負担/保証会社プラン複数あり/駐輪場・バイク置き場要確認　除菌消臭代:11000円。町会費:町会費有-月200円。バイク置き場:有-5500円／月。駐輪場:有-1000円／初回のみ。,RC(鉄筋コンクリート),無,-,-,-,新賃料の1ヶ月分,"鍵交換費用：27,500円、室内清掃費用：49,896円、火災保険：24,000円",加入要保証会社利用料：初回保証料:総賃料の50% 月額保証料:総賃料の1%,要,-,居住中,2024年04月 中旬,0145075-0200898,仲介,2024/03/15,2024/03/20,https://www.homes.co.jp/chintai/room/d63b793dc5b36dff69a82786a36560c36d9db401/
12.2万円,"10,000円",無/1ヶ月,-/-,2015年9月(築9年),"1K ( キッチン 2.5帖
洋室 10.8帖 )",南東,32.36㎡,楽器不可、ペット不可、保証人不要、ガスコンロ設置済、コンロ三口、システムキッチン、給湯、専用バス、バス・トイレ別、追焚機能、シャワー、シャワー付洗面化粧台、温水洗浄便座、浴室乾燥機、洗面所独立、オートバス、オートロック、防犯カメラ、TVモニタ付インターホン、エアコン、ウォークインクローゼット、全居室収納、シューズボックス、BS対応、インターネット対応、インターネット使用料無料、都市ガス、フローリング、バルコニー、室内洗濯機置場、照明器具付き、24時間換気システム、全室フローリング、タイル貼り、エレベーター、ごみ出し24時間OK、宅配ボックス、駐輪場あり、住まい探し特典あり、こちらの物件は、来店不要対応物件です。チャットでの相談や、オンラインでの内見に対応しています。また、IT重説を取り入れておりますので、契約までも全て来店不要で完結出来ます。詳細はお問い合わせください。,RC(鉄筋コンクリート),無,47戸,-,2年間,新賃料の1ヶ月分,"鍵交換費用：27,500円、駐輪ステッカー：1,000円、室内除菌消毒費：11,000円、町会費/月：200円",加入要保証会社：その他保証会社利用料：0.50ヶ月 初回総賃料50%　別途更新保証料あり,要,管理員：巡回,居住中,相談,0105441-0171713,仲介,2024/03/19,2024/03/20,https://www.homes.co.jp/chintai/room/14faa8f64488eb402c38b4e093d8675ef0107b38/
12.4万円,"8,000円",1ヶ月/無,-/1ヶ月（退去時）,2016年3月(築9年),"1K ( 洋室
キッチン )",東,24.1㎡,角部屋、ガスコンロ設置済、コンロ二口、システムキッチン、専用バス、専用トイレ、バス・トイレ別、シャワー、浴室乾燥機、洗面所独立、オートロック、エアコン、クローゼット、インターネット対応、インターネット使用料無料、公営水道、都市ガス、下水、室内洗濯機置場、宅配ボックス、住まい探し特典あり、オンライン内見対応可　お電話頂けると、お話が早く進みます。,RC(鉄筋コンクリート),-,-,-,2年間,新賃料の1ヶ月分,"鍵交換費用：25,300円、入居者サポート：18,700円",加入要保証会社利用料：　当社指定保証会社,要,-,賃貸中,2024年04月 下旬,0100459-0156545,仲介,2024/03/14,2024/03/21,https://www.homes.co.jp/chintai/room/1a00b7eb5cd69ed8b3c63229e1605e4dd7b3704e/
13.5万円,"6,000円",1ヶ月/1.5ヶ月,-/-,2021年3月(築4年),"1LDK ( リビングダイニングキッチン 11帖
洋室 4.5帖 )",南西,38.76㎡,角部屋、楽器不可、二人入居可、ペット不可、保証人不要、ガスコンロ設置済、コンロ三口、システムキッチン、カウンターキッチン、給湯、専用バス、専用トイレ、バス・トイレ別、追焚機能、シャワー、シャワー付洗面化粧台、温水洗浄便座、浴室乾燥機、洗面所独立、浴室暖房、TVモニタ付インターホン、防犯（雨戸）シャッター、ディンプルキー、エアコン、床下収納、クローゼット、シューズボックス、BS対応、光ファイバー、インターネット使用料無料、公営水道、都市ガス、下水、フローリング、室内洗濯機置場、テラス、室内洗濯物干し、複層ガラス・複層サッシ、全室フローリング、耐震構造、初期費用カード決済可、住まい探し特典あり、施工会社：旭化成ホームズ★当社では旭化成ヘーベルメゾンを中心に、セキスイハイム・大和ハウス・パナソニックホームズなど各ハウスメーカーのキレイなお部屋を多数取り扱っております★新築・築浅物件などもございますので、お問い合わせ・諸条件のご相談などお気軽にどうぞ★,ALC造,無,4戸,-,2年間,新賃料の1ヶ月分,"仲介手数料：148,500円、鍵交換費用：22,000円、退去時クリーニング費用：55,000円、マイコンシェル2年分：15,000円",加入要保証会社：旭化成不動産サポート保証会社利用料：初回保証料：家賃等の50％　継続保証料：2年ごとに2万円,要,-,居住中,2024年04月 中旬,0131820-0018735,一般媒介,2024/03/02,2024/03/18,https://www.homes.co.jp/chintai/room/07f13cb27e6c106fe956e46c2fbcf7977d593f6e/
11.1万円,"15,000円",1ヶ月/1ヶ月,-/1ヶ月,2016年3月(築9年),"1K ( キッチン 3帖
洋室 7帖 )",西,25.01㎡,ペット相談、保証人不要、ガスコンロ設置済、コンロ二口、システムキッチン、給湯、専用バス、専用トイレ、バス・トイレ別、追焚機能、シャワー、シャワー付洗面化粧台、温水洗浄便座、浴室乾燥機、洗面所独立、オートロック、TVモニタ付インターホン、エアコン、クローゼット、シューズボックス、CS対応、BS対応、光ファイバー、インターネット使用料無料、都市ガス、フローリング、バルコニー、室内洗濯機置場、24時間換気システム、全室フローリング、エレベーター、宅配ボックス、バイク置き場あり、駐輪場あり、分譲賃貸、★インターネット上の物件はほぼ全てご紹介可能★タウンハウジングは、200社以上の会社と取引があり、常に新着の情報を仕入れております。 地域トップクラスの情報量・取扱い物件をお客様にご提案させていただきます。一部クレジット払いも対応しています♪♪オンライン内見、オンライン申し込みも対応可能★,RC(鉄筋コンクリート),-,-,-,2年間,新賃料の1.5ヶ月分,"鍵交換費用：22,000円、入居サポート代：21,450円、抗菌代：17,600円",加入要保証会社：その他保証会社利用料：0.50ヶ月 初回保証料：総賃料の50％,要,-,空家,相談,0147373-0054006,仲介,2024/03/10,2024/03/20,https://www.homes.co.jp/chintai/room/1552da66b717ad738ff8ddd29305445efa495bc6/
